surname,count,rank
Aaron,16276,2241
Abarca,9363,3780
Abbott,52739,645
Abdi,7484,4738
Abdullah,8314,4272
Abel,18464,1958
Abell,7339,4811
Abernathy,16450,2216
Abney,9948,3579
Abraham,31303,1120
Abrams,25534,1387
Abrego,7702,4606
Abreu,17998,2008
Acevedo,51351,665
Aceves,9854,3603
Acker,10519,3400
Ackerman,25401,1398
Ackley,7102,4952
Acosta,103418,302
Acuna,16683,2179
Adair,18708,1927
Adam,13574,2654
Adame,16193,2250
Adams,427865,42
Adamson,16515,2205
Adcock,12599,2861
Addison,18169,1986
Adkins,73599,449
Adler,16412,2223
Agee,10857,3304
Agnew,9856,3602
Aguayo,12876,2799
Aguiar,8390,4227
Aguilar,186512,134
Aguilera,31581,1109
Aguirre,79517,401
Ahern,8221,4322
Ahmad,16291,2238
Ahmed,48319,720
Ahn,10567,3379
Ahrens,10182,3508
Aiello,8927,3982
Aiken,12812,2816
Ainsworth,9149,3874
Akers,25290,1405
Akin,8626,4114
Akins,17868,2020
Alam,7932,4476
Alanis,11029,3274
Alaniz,16596,2189
Alarcon,18805,1917
Alba,13347,2699
Albers,9766,3638
Albert,32507,1076
Albertson,9943,3580
Albrecht,17581,2047
Albright,25189,1410
Alcala,17758,2029
Alcantar,12919,2794
Alcantara,12636,2853
Alcaraz,11616,3098
Alcorn,7884,4498
Aldana,10362,3448
Alderman,10119,3528
Aldrich,17509,2060
Aldridge,23034,1562
Alejandro,7770,4563
Aleman,22927,1571
Alexander,204621,118
Alfaro,35725,975
Alfonso,12246,2927
Alford,30771,1140
Ali,60002,559
Alicea,12287,2917
Allan,11867,3022
Allard,10047,3553
Allen,482607,33
Alley,14323,2529
Allison,52701,646
Allman,7977,4447
Allred,18526,1947
Almanza,14708,2454
Almaraz,8404,4215
Almeida,16760,2166
Almond,7188,4902
Almonte,12128,2958
Alonso,30389,1155
Alonzo,20367,1758
Alston,30693,1148
Altamirano,12296,2915
Altman,16448,2217
Alvarado,133501,219
Alvarenga,7973,4449
Alvarez,233983,92
Alves,13882,2595
Amador,22370,1603
Amaral,9567,3709
Amaro,11769,3042
Amato,12713,2837
Amaya,33218,1057
Ambriz,10445,3416
Ambrose,17178,2107
Ames,22385,1598
Amezcua,7206,4889
Amin,11137,3243
Ammons,8904,3989
Amos,23621,1517
An,8160,4353
Anaya,24017,1488
Anders,15554,2343
Andersen,36150,963
Anderson,784404,15
Andrade,65037,516
Andre,9358,3785
Andres,12821,2813
Andrew,13764,2617
Andrews,133799,218
Andrus,10197,3505
Angel,24895,1428
Angeles,14128,2559
Angell,7725,4593
Angelo,7728,4590
Anglin,10396,3434
Anguiano,16479,2208
Angulo,12714,2836
Anthony,55114,618
Antoine,9493,3734
Antonio,15461,2358
Aparicio,13437,2680
Apodaca,11280,3202
Aponte,15828,2305
Appel,7938,4473
Applegate,11762,3046
Aquino,25783,1368
Aragon,25801,1367
Araiza,7095,4956
Arana,10698,3347
Aranda,19298,1861
Araujo,18856,1908
Arce,19464,1844
Archer,34949,1000
Archibald,8359,4242
Archie,7035,4990
Archuleta,13248,2717
Arellano,50104,687
Arenas,11809,3035
Arevalo,23895,1499
Arguello,8518,4160
Argueta,17540,2054
Arias,57477,581
Armendariz,12423,2892
Armenta,15078,2406
Armijo,8372,4232
Armour,8139,4366
Armstead,7919,4480
Armstrong,135044,213
Arndt,14031,2576
Arnett,16499,2206
Arnold,138893,201
Arredondo,29173,1212
Arreola,21540,1673
Arriaga,19236,1865
Arrington,22840,1573
Arriola,7877,4503
Arroyo,50614,678
Arsenault,8760,4052
Arteaga,19410,1848
Arthur,28102,1247
Artis,9656,3682
Asbury,8522,4157
Ascencio,7832,4526
Ash,21030,1709
Ashby,17482,2069
Ashcraft,9957,3576
Ashe,7756,4573
Asher,13371,2695
Ashford,9421,3760
Ashley,38499,900
Ashton,12263,2922
Ashworth,10116,3531
Askew,13683,2634
Atchison,8185,4338
Atkins,51671,662
Atkinson,53376,637
Atwell,8622,4116
Atwood,17112,2114
Au,7148,4919
Augustin,7788,4550
Augustine,14268,2536
Ault,7509,4723
Austin,119706,253
Autry,8704,4081
Avalos,36922,940
Avelar,7564,4692
Avery,39564,878
Avila,97314,318
Aviles,25716,1375
Avina,9122,3891
Ayala,92463,333
Ayers,39623,875
Ayres,11139,3241
Babb,12794,2820
Babcock,22016,1638
Baca,28082,1249
Bach,11999,2986
Bachman,13057,2763
Back,8762,4051
Backus,7064,4974
Bacon,29860,1181
Bader,9197,3854
Badger,7987,4442
Badillo,9753,3642
Baer,16587,2192
Baez,31298,1121
Baeza,8432,4203
Baggett,12717,2833
Bagley,17324,2089
Bagwell,10324,3460
Bahena,9983,3571
Bahr,7731,4589
Bail,14957,2421
Bailey,277845,72
Bain,17371,2082
Bair,11740,3052
Baird,34721,1010
Baker,419586,44
Balderas,16576,2196
Baldwin,80742,395
Bales,13326,2704
Ball,66059,508
Ballard,61625,544
Ballesteros,10261,3481
Ballew,7857,4514
Ballinger,8306,4280
Baltazar,13045,2767
Banda,15055,2409
Bandy,8582,4133
Banks,105833,292
Bankston,7101,4953
Bannister,8639,4105
Banuelos,18636,1939
Baptiste,8915,3983
Barahona,8844,4019
Barajas,45153,763
Barba,11043,3268
Barbee,11470,3151
Barber,78848,406
Barbosa,18106,1992
Barbour,14451,2504
Barboza,8497,4172
Barclay,11568,3115
Bare,7291,4836
Barela,7739,4586
Barfield,13165,2737
Barger,14324,2528
Barker,87162,360
Barkley,13051,2764
Barksdale,10294,3472
Barlow,33335,1047
Barnard,20366,1760
Barnes,218241,110
Barnett,95681,324
Barnette,8480,4178
Barney,16404,2224
Barnhart,20157,1777
Barnhill,9040,3940
Baron,16308,2234
Barone,12758,2826
Barr,44130,781
Barragan,23176,1551
Barraza,18030,2004
Barrera,60998,550
Barreto,10127,3524
Barrett,100104,314
Barrientos,18877,1905
Barrios,32873,1067
Barron,52070,656
Barros,7134,4934
Barrow,16801,2159
Barrows,7773,4561
Barry,47274,738
Bartels,8809,4032
Barth,14579,2474
Bartholomew,15339,2374
Bartlett,43648,791
Bartley,16689,2175
Barton,68233,488
Basham,8806,4036
Basile,7783,4555
Baskin,7389,4786
Bass,57044,589
Bassett,20482,1750
Batchelor,9417,3762
Bateman,19001,1893
Bates,95622,325
Batista,18323,1974
Batson,8951,3972
Battaglia,8308,4279
Batten,7716,4597
Battle,26432,1332
Battles,7702,4606
Batts,8473,4179
Bauer,65004,517
Baugh,12543,2873
Baughman,14230,2543
Baum,16334,2230
Bauman,17641,2040
Baumann,14644,2461
Baumgartner,11448,3156
Bautista,60264,558
Baxter,49033,706
Bayer,10544,3389
Bazan,8104,4388
Beach,30867,1137
Beal,20752,1726
Beale,7431,4764
Beall,9202,3847
Beam,13972,2584
Bean,37571,926
Bear,8252,4308
Beard,48207,721
Bearden,13499,2670
Beasley,47693,732
Beattie,8993,3955
Beatty,25510,1389
Beaty,12869,2800
Beauchamp,11865,3023
Beaulieu,10695,3349
Beaver,21640,1665
Beavers,15531,2348
Becerra,33274,1051
Beck,93786,328
Becker,87859,357
Beckett,11763,3045
Beckham,9960,3575
Beckman,15045,2412
Beckwith,11876,3020
Bedford,8814,4029
Beebe,14847,2441
Beeler,7902,4489
Beers,11043,3268
Begay,17553,2053
Begley,8435,4200
Begum,12255,2924
Behrens,10524,3398
Beil,59463,565
Belanger,12922,2793
Belcher,28321,1243
Bell,220599,106
Bellamy,17167,2108
Bello,16915,2143
Belt,8737,4065
Belton,9041,3939
Beltran,49776,692
Benavides,23761,1508
Benavidez,12648,2849
Bender,39551,881
Benedict,17036,2130
Benitez,51288,666
Benjamin,40590,850
Benner,11612,3100
Bennett,247599,86
Benoit,20160,1775
Benson,86081,365
Bentley,40193,862
Benton,37912,912
Berg,48746,712
Berger,43851,785
Bergeron,20073,1786
Bergman,17846,2021
Bergstrom,8908,3986
Berlin,7503,4729
Berman,16025,2271
Bermudez,26691,1316
Bernal,39693,873
Bernard,38512,899
Bernhardt,7253,4860
Bernier,9614,3693
Bernstein,17916,2015
Berrios,12451,2885
Berry,132812,222
Berryman,7517,4717
Bertram,8369,4236
Bertrand,12461,2881
Bess,9663,3677
Best,37923,911
Betancourt,21663,1664
Bethea,12061,2972
Bethel,7573,4686
Bettencourt,7365,4797
Betts,19983,1799
Betz,10120,3527
Beverly,11978,2992
Beyer,18641,1937
Bianchi,8284,4293
Bianco,15278,2381
Bickel,7035,4990
Bickford,7728,4590
Biddle,9219,3840
Bigelow,11650,3086
Biggs,22641,1581
Billings,22553,1588
Billingsley,11973,2995
Bills,10051,3552
Binder,9720,3660
Bingham,25941,1360
Binkley,7159,4912
Birch,12161,2954
Bird,33457,1041
Bishop,116618,262
Bittner,9163,3870
Bivens,9603,3701
Black,154738,174
Blackburn,39097,889
Blackman,14278,2535
Blackmon,22130,1628
Blackwell,47175,741
Blackwood,8407,4213
Blair,78026,416
Blake,73797,447
Blakely,11669,3077
Blalock,11493,3145
Blanchard,37695,920
Blanco,31800,1099
Bland,26722,1315
Blank,13050,2765
Blankenship,43830,787
Blanton,24154,1478
Blaylock,10008,3563
Bledsoe,18510,1948
Blevins,38229,906
Bliss,14588,2471
Block,21717,1658
Blocker,9149,3874
Blodgett,7157,4913
Bloom,24081,1483
Blount,19878,1803
Blue,24341,1466
Blum,17458,2072
Blunt,8326,4259
Blythe,7947,4470
Boatwright,7379,4790
Bobbitt,7230,4873
Bobo,9254,3828
Bocanegra,7134,4934
Bock,13382,2691
Boehm,10730,3340
Bogan,8034,4425
Boggs,27880,1262
Bohannon,9663,3677
Bohn,9272,3822
Boland,11631,3092
Bolanos,11829,3029
Bolden,21819,1649
Bolen,9323,3793
Boles,14946,2426
Bolin,12962,2783
Boling,7597,4669
Bollinger,12425,2891
Bolt,7504,4726
Bolton,32815,1068
Bond,50610,679
Bonds,13620,2643
Bone,10692,3350
Bonilla,51475,664
Bonner,33446,1042
Bontrager,8507,4167
Booker,36840,941
Boone,53792,632
Booth,49402,697
Boothe,8656,4100
Borden,15500,2352
Borders,9053,3928
Boren,7672,4625
Borges,12337,2908
Borja,7618,4656
Bosch,7312,4826
Bosley,7216,4881
Boss,8529,4154
Bostic,11079,3259
Bostick,7957,4460
Boston,15814,2309
Boswell,22540,1591
Botello,11569,3113
Bouchard,13154,2739
Boucher,20050,1791
Boudreau,10103,3534
Boudreaux,15976,2282
Bounds,7960,4457
Bourgeois,13325,2705
Bourne,9270,3823
Bourque,8973,3961
Bowden,24560,1450
Bowen,78822,407
Bowens,9188,3861
Bower,21445,1682
Bowers,66003,511
Bowie,11786,3039
Bowles,23713,1514
Bowling,26762,1311
Bowman,105007,296
Bowser,14383,2517
Box,10098,3538
Boyce,26376,1337
Boyd,153469,176
Boyer,50742,676
Boykin,17255,2096
Boyle,39921,866
Boyles,11156,3236
Bracken,8265,4299
Brackett,11027,3278
Bradbury,8172,4343
Braden,13603,2648
Bradford,54015,628
Bradley,136720,208
Bradshaw,42465,818
Brady,73145,450
Bragg,21934,1643
Branch,35225,990
Brand,19135,1879
Brandenburg,9624,3691
Brandon,26284,1342
Brandt,36613,948
Branham,13872,2599
Brannan,7452,4753
Brannon,16136,2253
Branson,11587,3106
Brant,10886,3301
Brantley,21395,1684
Braswell,13838,2605
Bratcher,9301,3807
Bratton,9300,3809
Braun,34491,1012
Bravo,41700,828
Braxton,12268,2921
Bray,34906,1003
Breaux,12705,2842
Breeden,11395,3169
Breedlove,9075,3914
Breen,14170,2549
Brennan,49238,701
Brenner,16114,2255
Brent,7820,4535
Brewer,103318,303
Brewster,19564,1830
Brice,11697,3067
Bricker,7792,4544
Bridges,53682,635
Briggs,58408,572
Bright,33281,1050
Brill,9215,3841
Brink,11982,2989
Brinkley,13695,2632
Brinkman,10432,3421
Brinson,12303,2912
Briones,15098,2403
Briscoe,13728,2629
Briseno,10821,3313
Bristol,7694,4611
Bristow,7323,4819
Brito,21007,1711
Britt,31474,1115
Brittain,8671,4096
Britton,29040,1217
Brock,61369,546
Brockman,11204,3223
Broderick,10504,3404
Brogan,7754,4577
Bronson,11229,3215
Brooks,251663,82
Broome,10133,3522
Brothers,11619,3096
Broughton,12273,2918
Broussard,26971,1302
Brower,14950,2423
Brown,1437026,4
Browne,22289,1615
Brownell,7045,4984
Browning,43329,797
Brownlee,11344,3186
Broyles,9781,3630
Brubaker,12218,2934
Bruce,53419,636
Brumfield,11842,3027
Brumley,7046,4983
Bruner,15898,2292
Brunner,15593,2337
Bruno,30883,1135
Bruns,11158,3234
Brunson,17099,2115
Bryan,57143,585
Bryant,192773,128
Bryson,18486,1954
Buchanan,66648,503
Bucher,7417,4772
Buchholz,7790,4547
Buck,42639,812
Buckingham,8094,4394
Buckley,41348,834
Buckner,24822,1434
Budd,8026,4427
Bueno,16936,2140
Buffington,8738,4063
Buford,9089,3907
Bui,28919,1222
Bull,11646,3088
Bullard,23755,1509
Bullock,44740,770
Bunch,22117,1629
Bundy,12065,2971
Bunker,7581,4679
Bunn,11180,3230
Bunting,8725,4072
Burch,36269,958
Burchett,8318,4270
Burden,13028,2770
Burdette,11284,3200
Burdick,14081,2567
Burge,10364,3447
Burger,19480,1840
Burgess,73931,444
Burgos,25169,1411
Burk,15500,2352
Burke,122877,246
Burkett,19369,1852
Burkhardt,8707,4080
Burkhart,16526,2204
Burkholder,11532,3128
Burks,27523,1278
Burleson,13176,2734
Burley,8542,4149
Burnett,60791,554
Burnette,16717,2172
Burney,9126,3888
Burnham,15775,2315
Burns,165925,155
Burnside,8859,4009
Burr,15703,2323
Burrell,24504,1458
Burris,26760,1312
Burroughs,17336,2087
Burrow,7539,4707
Burrows,17355,2085
Burt,26475,1331
Burton,110529,280
Busby,15754,2320
Busch,17354,2086
Bush,84018,372
Buss,9177,3865
Bussey,7219,4880
Bustamante,24536,1454
Bustos,17040,2129
Butcher,22978,1567
Butler,218847,108
Butterfield,11468,3152
Button,7341,4810
Butts,23227,1548
Buxton,7925,4477
Byers,32174,1087
Byler,13230,2722
Bynum,16166,2251
Byrd,92904,331
Byrne,29503,1198
Byrnes,11039,3271
Caballero,28903,1224
Cable,9545,3716
Cabral,23128,1557
Cabrera,83621,376
Caceres,12269,2920
Cade,8391,4226
Cadena,11560,3117
Cady,9084,3910
Cagle,17647,2039
Cahill,20623,1737
Cai,8457,4191
Cain,60948,551
Calabrese,8599,4127
Caldera,7802,4542
Calderon,77085,421
Caldwell,93944,327
Calhoun,43180,803
Calkins,9146,3876
Call,15324,2376
Callahan,50524,682
Callaway,13819,2610
Calloway,16689,2175
Calvert,17619,2043
Calvillo,10032,3557
Calvin,9412,3763
Camacho,67893,493
Camara,8324,4263
Camarena,11154,3237
Camargo,9626,3689
Camarillo,11066,3261
Cameron,55240,614
Camp,29753,1189
Campbell,386157,47
Campos,96111,323
Canada,9819,3616
Canady,8958,3970
Canales,24384,1462
Candelaria,8483,4176
Canfield,11560,3117
Cannon,71085,466
Cano,37368,931
Cantrell,35266,988
Cantu,49126,704
Canty,8047,4413
Cao,18138,1989
Capps,18194,1983
Caputo,10257,3483
Caraballo,12546,2872
Carbajal,21838,1646
Carbone,10591,3371
Card,9742,3651
Carden,8548,4143
Cardenas,77652,418
Cardona,32727,1071
Cardoso,11304,3197
Cardoza,12824,2812
Cardwell,11791,3037
Carey,56322,601
Carl,11689,3071
Carlin,12035,2977
Carlisle,20365,1763
Carlos,15462,2357
Carlson,120552,252
Carlton,21202,1698
Carman,11302,3198
Carmichael,19628,1825
Carmona,26774,1310
Carnahan,7424,4769
Carnes,14487,2493
Carney,32897,1066
Caro,10064,3545
Caron,12810,2817
Carpenter,129898,231
Carpio,7561,4693
Carr,119076,255
Carranza,28581,1235
Carrasco,31575,1110
Carreno,7146,4922
Carreon,12941,2789
Carrera,16533,2203
Carrier,13377,2692
Carrillo,91129,340
Carrington,13320,2706
Carrion,10316,3464
Carroll,134317,215
Carson,56872,593
Cartagena,8467,4184
Carter,376966,49
Cartwright,22156,1626
Caruso,20367,1758
Carvajal,8883,3999
Carvalho,10877,3302
Carver,32415,1079
Cary,11506,3138
Casanova,9201,3851
Casarez,7140,4927
Casas,19777,1813
Case,39319,885
Casey,66556,504
Cash,29476,1200
Casillas,22710,1579
Cason,11657,3083
Casper,12351,2905
Cass,7581,4679
Cassell,7587,4676
Cassidy,26590,1325
Castaneda,71368,464
Castanon,7673,4623
Casteel,8472,4180
Castellano,11238,3212
Castellanos,30859,1138
Castellon,8041,4421
Castillo,230420,93
Castle,20534,1744
Castleberry,8210,4326
Casto,8284,4293
Castro,184134,138
Caswell,9827,3611
Catalano,9973,3574
Cates,18190,1984
Cathey,8779,4048
Cato,8298,4285
Caudill,18822,1913
Caudle,8167,4346
Causey,11387,3171
Cavanaugh,17577,2049
Cavazos,17361,2084
Cave,8389,4228
Cazares,16134,2254
Ceballos,15515,2350
Cecil,11941,3004
Cedeno,9412,3763
Cedillo,10538,3392
Ceja,17423,2078
Centeno,14510,2488
Cepeda,11572,3112
Cerda,17703,2035
Cervantes,82161,387
Cha,9732,3654
Chacon,27982,1255
Chadwick,16415,2222
Chaffin,9782,3629
Chamberlain,28727,1231
Chamberlin,9897,3595
Chambers,94988,326
Champagne,12023,2982
Champion,17527,2058
Chan,76664,425
Chance,14256,2540
Chandler,79186,404
Chaney,33201,1059
Chang,81939,391
Chao,10398,3432
Chapa,15865,2297
Chapin,10175,3510
Chapman,127939,236
Chappell,23634,1516
Charles,61211,548
Charlton,10555,3383
Chase,52481,649
Chastain,13655,2637
Chatman,15473,2355
Chau,16667,2181
Chavarria,18492,1953
Chaves,8137,4368
Chavez,250898,83
Chavira,8573,4135
Chavis,14844,2442
Cheatham,12852,2802
Cheek,16020,2273
Chen,169580,150
Cheney,13573,2655
Cheng,32982,1063
Cherry,35877,970
Chester,15066,2408
Chestnut,7924,4478
Cheung,18765,1920
Chew,8905,3988
Chi,7273,4843
Chiang,8841,4022
Childers,30570,1150
Childress,24937,1424
Childs,28359,1242
Chin,27487,1279
Ching,7417,4772
Chisholm,12503,2878
Chism,8253,4307
Chiu,13174,2735
Cho,33490,1038
Choate,11372,3179
Choe,7776,4560
Choi,50786,674
Chong,15146,2392
Chou,9834,3610
Chow,17059,2122
Chowdhury,11961,2997
Christ,7261,4854
Christensen,75143,433
Christenson,10707,3346
Christian,54198,626
Christiansen,19340,1854
Christianson,11951,3001
Christie,18681,1931
Christman,11987,2988
Christopher,29067,1214
Christy,13750,2621
Chu,28508,1238
Chun,13141,2740
Chung,43110,805
Church,36072,966
Churchill,12235,2930
Cintron,12349,2906
Cisneros,50920,670
Clancy,12556,2871
Clanton,7965,4455
Clapp,8689,4088
Clark,562679,27
Clarke,68281,487
Clarkson,9004,3953
Clary,11139,3241
Clausen,8906,3987
Clawson,10631,3360
Clay,48844,708
Clayton,56638,595
Cleary,15980,2280
Clegg,8045,4414
Clem,8107,4384
Clemens,14231,2542
Clement,23830,1505
Clemente,9797,3626
Clements,38044,908
Clemmons,7914,4484
Clemons,27022,1300
Cleveland,31123,1127
Clevenger,12428,2889
Clifford,22245,1618
Clifton,24758,1439
Cline,50258,684
Clinton,16263,2242
Close,9474,3739
Cloud,14555,2478
Clough,9339,3789
Clouse,8809,4032
Cloutier,7461,4747
Coates,23725,1512
Coats,15943,2286
Cobb,65125,514
Coble,9204,3846
Coburn,13741,2625
Cochran,59350,567
Cochrane,8355,4246
Cockrell,9465,3744
Cody,19600,1828
Coe,16819,2157
Coffey,36423,955
Coffin,8312,4274
Coffman,24980,1421
Coggins,7722,4594
Cohen,89091,351
Cohn,9426,3758
Coker,23348,1541
Colbert,22940,1570
Colburn,10005,3564
Colby,11278,3204
Cole,195289,126
Coleman,219070,107
Coles,14449,2505
Coley,15671,2326
Colin,8318,4270
Collado,9201,3851
Collazo,14369,2521
Collett,8064,4404
Colley,8887,3996
Collier,56380,599
Collins,329770,59
Colon,67338,497
Colson,9710,3666
Colvin,22499,1592
Colwell,10140,3518
Combs,54257,624
Comeaux,7066,4972
Comer,16893,2148
Compton,35830,971
Comstock,10390,3437
Conaway,8264,4300
Concepcion,12332,2909
Conde,10430,3423
Condon,13109,2752
Cone,9935,3583
Conklin,23846,1501
Conley,55917,607
Conlon,7845,4518
Conn,15089,2404
Connell,22552,1589
Connelly,23398,1537
Conner,64572,518
Connolly,29710,1190
Connor,29346,1207
Connors,19637,1823
Conover,8738,4063
Conrad,40707,848
Conroy,16651,2184
Conte,8744,4061
Conti,10526,3397
Contreras,130164,229
Conway,44320,779
Cook,302589,65
Cooke,33223,1056
Cooley,33231,1054
Coombs,9780,3631
Coon,17097,2116
Cooney,12455,2883
Coons,8466,4185
Cooper,280791,70
Cope,18410,1964
Copeland,55850,609
Coppola,8676,4091
Corbett,26246,1346
Corbin,26876,1307
Corcoran,17607,2044
Cordell,9119,3893
Cordero,30158,1164
Cordova,45305,762
Corey,15569,2340
Corley,17931,2012
Cormier,17377,2081
Cornejo,17591,2045
Cornelius,20160,1775
Cornell,21558,1672
Cornett,15733,2322
Cornish,8050,4410
Cornwell,12168,2950
Corona,41553,832
Coronado,27626,1274
Coronel,7745,4582
Corral,16808,2158
Corrales,11348,3184
Correa,38232,905
Correia,10126,3525
Corrigan,11396,3168
Cortes,46229,751
Cortez,101694,310
Cosby,10300,3471
Cosgrove,9441,3749
Costa,38265,904
Costello,32043,1093
Cota,11554,3120
Cote,21446,1681
Cotter,11904,3010
Cotton,33374,1044
Cottrell,16930,2141
Couch,26615,1323
Coughlin,14434,2510
Coulter,20757,1725
Counts,9713,3664
Courtney,27205,1294
Cousins,9380,3773
Couture,8508,4165
Covarrubias,18189,1985
Covert,8369,4236
Covey,8414,4212
Covington,27068,1298
Cowan,32586,1074
Cowart,11621,3095
Cox,261231,78
Coy,13875,2597
Coyle,19931,1800
Coyne,11525,3130
Crabtree,26104,1354
Craddock,8772,4049
Craft,31452,1116
Craig,92507,332
Crain,17650,2038
Cramer,29691,1192
Crandall,16781,2163
Crane,37870,916
Cranford,8883,3999
Craven,15567,2341
Crawford,164457,156
Crawley,12523,2874
Creamer,8255,4305
Creech,14264,2538
Creel,8815,4028
Creighton,7282,4840
Crenshaw,18096,1995
Crespo,17629,2042
Crews,24219,1475
Crider,10621,3362
Crisp,12741,2830
Crist,10518,3401
Criswell,8077,4401
Crites,7363,4799
Crocker,20370,1757
Crockett,23769,1507
Croft,13047,2766
Cromer,7952,4465
Cromwell,8087,4397
Cronin,19078,1883
Crook,14526,2484
Crooks,10244,3489
Crosby,40563,851
Cross,77557,420
Crouch,23923,1497
Crouse,13598,2650
Crow,24089,1482
Crowder,24396,1460
Crowe,29953,1172
Crowell,17467,2071
Crowley,31098,1128
Crum,17944,2010
Crump,20737,1727
Cruse,8614,4121
Crutchfield,9019,3948
Cruz,334201,57
Cuellar,22324,1609
Cuevas,43701,790
Culbertson,10240,3492
Cullen,20000,1796
Culp,13081,2756
Culpepper,10135,3521
Culver,17566,2051
Cummings,79316,403
Cummins,20705,1731
Cunningham,135718,211
Cupp,7263,4853
Curiel,9983,3571
Curley,12211,2936
Curran,24969,1423
Currie,17234,2100
Currier,10513,3403
Curry,74919,436
Curtin,9513,3725
Curtis,101801,309
Cushman,7400,4779
Custer,10790,3324
Cutler,15621,2331
Cyr,11829,3029
Dabney,7376,4793
Dagostino,8388,4229
Dahl,21598,1669
Daigle,14084,2566
Dailey,32719,1072
Daily,11276,3205
Dale,29757,1188
Daley,24901,1427
Dallas,9418,3761
Dalton,52184,654
Daly,31330,1118
Damian,7048,4980
Damico,13109,2752
Damon,7555,4695
Damron,8354,4247
Dang,30389,1155
Dangelo,8802,4037
Daniel,80526,396
Daniels,146570,187
Danielson,12833,2808
Danner,10786,3328
Dao,11211,3220
Darby,18757,1921
Darden,13414,2683
Darling,18879,1904
Darnell,17915,2016
Das,7289,4837
Dasilva,20338,1767
Daugherty,34987,997
Davenport,55895,608
Davey,9071,3918
David,44040,782
Davidson,103930,301
Davies,33753,1030
Davila,44388,774
Davis,1116357,8
Davison,22276,1617
Dawkins,15431,2363
Dawson,83182,380
Day,105091,294
Dayton,8494,4173
Deal,20366,1760
Dean,114030,269
Deanda,8600,4126
Deangelis,7791,4546
Deangelo,8205,4327
Deaton,14052,2572
Deboer,7798,4543
Decker,56576,597
Dees,10887,3299
Deguzman,10341,3454
Dehart,10058,3548
Dejesus,44038,783
Delacruz,72109,458
Delagarza,10759,3334
Delaney,33218,1057
Delarosa,37932,910
Delatorre,27265,1288
Deleon,87414,359
Delgadillo,15123,2399
Delgado,132985,221
Dell,8255,4305
Dellinger,8040,4422
Deloach,9407,3766
Delong,17844,2022
Delossantos,19131,1880
Delrio,9814,3620
Delrosario,8402,4218
Deltoro,7251,4862
Deluca,16066,2263
Deluna,10182,3508
Delvalle,11816,3033
Demarco,14731,2452
Demers,9225,3839
Dempsey,26863,1308
Deng,8898,3993
Denham,8156,4355
Denney,12792,2821
Denning,8076,4402
Dennis,78482,409
Dennison,14629,2465
Denny,17503,2062
Denson,12419,2893
Dent,14873,2436
Denton,27742,1268
Derosa,8241,4314
Derr,7456,4749
Derrick,9365,3779
Desai,18638,1938
Desantis,10117,3530
Desimone,8399,4222
Desmond,7395,4783
Destefano,7058,4975
Deutsch,9361,3782
Devine,23775,1506
Devito,7831,4528
Devlin,13014,2774
Devore,11445,3157
Devries,13600,2649
Dewey,12249,2926
Dewitt,26348,1338
Dexter,10099,3535
Deyoung,7759,4571
Dial,10997,3287
Diallo,7502,4730
Diamond,21586,1670
Dias,16044,2266
Diaz,347636,55
Dick,20923,1718
Dickens,18123,1990
Dickerson,51889,659
Dickey,23320,1542
Dickinson,26607,1324
Dickson,35312,986
Diehl,18815,1916
Dietrich,15904,2291
Dietz,18720,1925
Diggs,14467,2497
Dill,18215,1980
Dillard,31021,1130
Dillon,50465,683
Dimas,7035,4990
Dinh,17081,2119
Dion,8395,4225
Dix,9748,3647
Dixon,159480,167
Do,30301,1159
Doan,19760,1814
Dobbins,15076,2407
Dobbs,18476,1956
Dobson,19419,1846
Dockery,11644,3089
Dodd,30732,1144
Dodds,8813,4031
Dodge,22035,1635
Dodson,37566,927
Doe,7066,4972
Doherty,27787,1264
Dolan,27329,1283
Doll,9749,3646
Domingo,11012,3283
Dominguez,119304,254
Donahue,31563,1112
Donald,12367,2899
Donaldson,36558,950
Donato,7823,4533
Dong,12466,2879
Donley,7589,4675
Donnelly,31505,1114
Donohue,13919,2587
Donovan,40410,853
Dooley,23481,1527
Doran,16704,2174
Dorman,11739,3053
Dorn,10206,3502
Dorsey,43631,793
Doss,21366,1687
Dotson,33347,1045
Doty,17965,2009
Doucette,8573,4135
Dougherty,37884,915
Doughty,11880,3019
Douglas,101458,311
Douglass,14862,2438
Dove,14560,2475
Dover,9742,3651
Dow,15472,2356
Dowd,13590,2651
Dowdy,13468,2678
Dowell,15320,2377
Dowling,16238,2245
Downey,26627,1320
Downing,28880,1225
Downs,33922,1025
Doyle,74458,441
Dozier,16091,2259
Drake,61162,549
Draper,24337,1467
Drayton,7648,4640
Drew,23722,1513
Driggers,7641,4648
Driscoll,23385,1538
Driver,15442,2361
Drummond,17922,2014
Drury,10721,3342
Du,7566,4690
Duarte,42983,808
Dube,9136,3881
Dubois,23366,1539
Dubose,13120,2748
Duckett,7375,4794
Duckworth,12080,2968
Dudley,35781,972
Duenas,13736,2627
Duff,16536,2202
Duffy,38835,892
Dugan,21455,1679
Duggan,12237,2928
Dugger,9164,3869
Duke,35053,995
Dukes,22187,1622
Dumas,17442,2076
Dunaway,10798,3320
Dunbar,26405,1335
Duncan,135187,212
Dunham,22362,1604
Dunlap,39063,890
Dunn,141427,197
Dunne,8941,3974
Dunning,10784,3330
Duong,24870,1431
Dupont,10339,3456
Dupre,8131,4372
Dupree,16794,2161
Dupuis,8179,4340
Duque,8058,4407
Duran,89401,349
Durand,8729,4070
Durant,12428,2889
Durbin,14650,2459
Durham,43635,792
Durkin,7975,4448
Dutton,17057,2123
Duval,8851,4014
Duvall,19844,1811
Dvorak,7771,4562
Dwyer,27240,1291
Dye,28182,1246
Dyer,47170,742
Dykes,13874,2598
Dykstra,7913,4485
Dyson,12017,2984
Eads,9056,3925
Eagle,8325,4261
Earl,16027,2270
Earle,8672,4095
Earley,10140,3518
Early,14014,2578
Earnest,7968,4452
Easley,16459,2212
Eason,17714,2031
East,12684,2843
Easter,13036,2769
Easterling,8433,4201
Eastman,16791,2162
Easton,10276,3477
Eaton,47184,740
Eaves,7902,4489
Ebert,12830,2809
Echevarria,9777,3636
Echeverria,9552,3713
Echols,14456,2501
Eck,7681,4618
Eckert,17269,2093
Eddy,19321,1858
Eden,7489,4736
Edgar,11895,3014
Edge,11556,3119
Edmond,9369,3777
Edmonds,24857,1432
Edmondson,13524,2667
Edwards,332423,58
Egan,23048,1561
Eggers,7921,4479
Eggleston,10057,3550
Ehlers,7524,4714
Elam,14138,2556
Elder,29796,1186
Eldridge,25299,1402
Elias,24696,1443
Elizondo,15419,2365
Elkins,24902,1426
Eller,11103,3250
Ellington,11522,3132
Elliot,8518,4160
Elliott,135765,210
Ellis,188968,131
Ellison,42827,809
Ellsworth,13813,2611
Elmore,25774,1369
Elrod,10851,3305
Ely,13130,2745
Embry,8675,4092
Emerson,30702,1145
Emery,25839,1365
Emmons,13493,2673
Encarnacion,7171,4909
Eng,10682,3352
Engel,21933,1644
England,29926,1174
Engle,19226,1866
English,46393,748
Ennis,16419,2220
Enos,8097,4392
Enright,7108,4951
Enriquez,41271,837
Epperson,12884,2798
Epps,20112,1784
Epstein,12952,2786
Erb,9060,3923
Erickson,82085,389
Ernst,18361,1969
Ervin,25698,1377
Erwin,22496,1594
Escalante,20626,1736
Escamilla,20958,1715
Escobar,64403,520
Escobedo,29185,1211
Esparza,42559,816
Espinal,15924,2289
Espino,15997,2278
Espinosa,38667,896
Espinoza,112154,271
Esposito,22789,1576
Esquivel,37578,925
Estep,14037,2575
Estes,36318,956
Estevez,11032,3273
Estrada,127470,238
Estrella,13758,2618
Etheridge,10420,3425
Ethridge,7878,4502
Etienne,7867,4510
Eubanks,20424,1755
Evangelista,8964,3967
Evans,355593,53
Everett,39593,876
Everhart,10186,3507
Evers,9300,3809
Everson,7694,4611
Ewing,33314,1049
Ezell,11121,3247
Faber,10039,3555
Fabian,13161,2738
Fagan,17501,2063
Fahey,9299,3811
Fain,8122,4379
Fair,18609,1942
Fairbanks,9466,3743
Fairchild,13993,2581
Faircloth,8954,3971
Faison,8320,4267
Fajardo,15100,2402
Falcon,15125,2398
Falcone,7423,4770
Falk,11979,2991
Fallon,11974,2994
Falls,7250,4865
Fan,8441,4197
Fang,10316,3464
Fanning,11007,3284
Farias,16153,2252
Farley,38528,898
Farmer,69617,480
Farnsworth,12203,2939
Farr,20011,1794
Farrar,14892,2434
Farrell,52321,652
Farrington,9211,3844
Farris,29877,1179
Farrow,10672,3353
Faulk,11656,3084
Faulkner,36466,952
Faust,16066,2263
Favela,7439,4761
Fay,14849,2440
Fazio,7210,4885
Feeney,9473,3740
Felder,13257,2714
Feldman,23356,1540
Feliciano,21667,1662
Felix,40165,863
Feller,7085,4963
Fellows,7948,4469
Felton,16044,2266
Feng,10687,3351
Fennell,11410,3163
Fenner,7678,4619
Fenton,16017,2274
Ferguson,146426,188
Fernandes,18018,2007
Fernandez,180842,142
Ferrara,13669,2635
Ferrari,8141,4364
Ferraro,12355,2903
Ferreira,27898,1260
Ferrell,33418,1043
Ferrer,17057,2123
Ferris,20703,1732
Ferro,7273,4843
Ferry,10312,3467
Fiedler,7403,4777
Field,24543,1452
Fields,107522,288
Fierro,14371,2519
Figueroa,98468,316
Finch,30769,1141
Fincher,7951,4466
Findley,9505,3729
Fine,11618,3097
Fink,28701,1232
Finley,37672,922
Finn,20852,1721
Finnegan,11695,3068
Finney,16939,2139
Fiore,9606,3699
Fischer,72357,455
Fish,24924,1425
Fisher,214703,112
Fisk,9779,3634
Fitch,19060,1885
Fitzgerald,75356,430
Fitzpatrick,40449,852
Fitzsimmons,9260,3826
Flaherty,17926,2013
Flanagan,30887,1134
Flanders,8787,4043
Flanigan,7648,4640
Flannery,10497,3409
Fleck,8852,4012
Fleming,90677,342
Fletcher,83063,382
Flick,7661,4630
Flint,15123,2399
Flood,17053,2125
Flora,7837,4523
Florence,9177,3865
Flores,433969,40
Florez,10570,3377
Flowers,57549,578
Floyd,66454,505
Flynn,63400,534
Fogarty,8245,4311
Fogle,10434,3419
Foley,51865,661
Folsom,7598,4667
Foltz,8714,4075
Fong,17889,2018
Fonseca,25863,1363
Fontaine,11901,3012
Fontana,7685,4615
Fontenot,20035,1792
Foote,16425,2219
Forbes,33813,1028
Ford,184832,137
Foreman,28605,1234
Forman,11894,3015
Forrest,22954,1569
Forrester,13878,2596
Forster,9116,3895
Forsyth,8450,4194
Forsythe,11489,3147
Fort,8117,4382
Forte,12023,2982
Fortier,7634,4649
Fortin,8814,4029
Fortner,11951,3001
Fortune,11748,3051
Foss,14094,2563
Foster,227764,99
Fountain,20193,1774
Fournier,14449,2505
Foust,12366,2900
Fowler,104515,299
Fox,152334,180
Foy,12952,2786
Fraley,11876,3020
Frame,8827,4027
France,11937,3005
Francis,78327,413
Francisco,24095,1481
Franco,69943,476
Francois,14593,2467
Frank,67304,499
Franke,7359,4802
Frankel,7253,4860
Franklin,120621,251
Franks,30155,1165
Frantz,12079,2969
Franz,11462,3153
Fraser,25961,1358
Frasier,8124,4376
Frausto,7547,4702
Frazer,7743,4585
Frazier,92152,335
Frederick,41394,833
Fredericks,7848,4515
Fredrickson,9026,3945
Free,9923,3586
Freed,9541,3717
Freedman,8913,3985
Freeland,8653,4101
Freeman,169149,151
Freitas,11041,3270
French,63991,525
Freund,7465,4745
Frey,32904,1065
Frias,16911,2144
Frick,9597,3702
Friedman,38374,901
Friend,17635,2041
Fries,8540,4150
Friesen,7512,4721
Fritz,33224,1055
Frost,42015,822
Fry,38029,909
Frye,36973,937
Fryer,7524,4714
Fu,8370,4235
Fuchs,12958,2784
Fuentes,81006,394
Fugate,10375,3441
Fuller,110116,281
Fullerton,8517,4162
Fulmer,9570,3708
Fulton,32258,1083
Fultz,11342,3187
Fung,8837,4024
Funk,24419,1459
Fuqua,8312,4274
Furman,9273,3820
Furr,8260,4304
Fusco,8650,4102
Gabel,7177,4907
Gable,9779,3634
Gabriel,26578,1327
Gaddis,9142,3877
Gaddy,8342,4251
Gaffney,12805,2819
Gage,16614,2187
Gagne,9507,3727
Gagnon,21208,1697
Gaines,43821,788
Gainey,8556,4140
Gaitan,7702,4606
Gaither,10790,3324
Galan,8293,4289
Galarza,10601,3368
Galbraith,8886,3997
Gale,15866,2296
Galicia,9229,3837
Galindo,36429,954
Gall,9658,3681
Gallagher,69834,479
Gallant,9051,3931
Gallardo,31909,1096
Gallegos,68373,486
Gallo,23056,1560
Galloway,34909,1002
Galvan,53822,630
Galvez,20425,1754
Galvin,11882,3018
Gamble,34005,1024
Gamboa,19577,1829
Gamez,24256,1472
Gandy,10444,3417
Gann,12972,2780
Gannon,14981,2418
Gant,14167,2550
Gantt,9122,3891
Gao,12172,2948
Gaona,9299,3811
Garay,14393,2515
Garber,12640,2850
Garcia,1166120,6
Gardiner,11331,3192
Gardner,142894,194
Garibay,13088,2755
Garland,26779,1309
Garman,7884,4498
Garner,74324,442
Garnett,10370,3445
Garrett,110697,279
Garrido,8605,4124
Garris,7316,4823
Garrison,50686,677
Garrity,7156,4914
Garvey,11307,3196
Garvin,13536,2664
Gary,22310,1612
Garza,147005,186
Gaskin,7039,4987
Gaskins,10414,3428
Gaspar,11251,3210
Gaston,19502,1837
Gates,52569,648
Gatewood,8359,4242
Gatlin,10785,3329
Gauthier,16852,2153
Gavin,14061,2569
Gay,32025,1094
Gayle,7916,4481
Gaytan,14647,2460
Gearhart,7553,4696
Geary,12382,2895
Gee,23241,1547
Geer,8717,4074
Geiger,22039,1634
Gentile,14873,2436
Gentry,43027,806
George,128625,235
Gerard,9075,3914
Gerber,16732,2170
Gerlach,7394,4784
Germain,7332,4816
German,16661,2182
Getz,7703,4605
Geyer,7962,4456
Gibbons,29824,1183
Gibbs,65064,515
Gibson,190667,130
Giddens,7034,4995
Gifford,19514,1834
Gil,26112,1353
Gilbert,114940,268
Gilbertson,8621,4118
Gilchrist,12825,2811
Giles,40598,849
Gill,74948,435
Gillen,8462,4188
Gillespie,42693,811
Gillette,12724,2831
Gilley,9906,3593
Gilliam,29414,1204
Gilliland,13351,2698
Gillis,18834,1910
Gilman,11946,3003
Gilmore,48719,714
Gilson,7271,4846
Gingerich,9117,3894
Ginn,8088,4396
Giordano,16569,2197
Gipson,19470,1843
Girard,12975,2778
Giron,15786,2311
Givens,25067,1419
Gladden,7271,4846
Glaser,10235,3493
Glasgow,9078,3913
Glass,41802,823
Gleason,25416,1395
Glenn,51043,669
Glick,10196,3506
Glover,66858,501
Glynn,9501,3731
Goad,9062,3920
Goble,9022,3947
Goddard,15599,2335
Godfrey,28734,1230
Godinez,21640,1665
Godoy,11690,3070
Godwin,22628,1583
Goebel,9062,3920
Goetz,13390,2689
Goff,32298,1081
Goforth,8735,4068
Goins,22837,1574
Gold,18698,1928
Goldberg,29603,1193
Golden,49360,699
Goldman,23940,1495
Goldsmith,16346,2229
Goldstein,29938,1173
Gomes,24827,1433
Gomez,365655,51
Goncalves,8000,4437
Gonsalves,8494,4173
Gonzales,214758,111
Gonzalez,841025,13
Gooch,11453,3155
Good,35446,981
Goode,22356,1605
Gooden,11335,3190
Goodin,7153,4917
Gooding,7123,4942
Goodman,73136,451
Goodrich,19487,1838
Goodson,15820,2308
Goodwin,72451,454
Goolsby,7721,4596
Gordon,161833,161
Gore,25648,1378
Gorham,8458,4190
Gorman,31788,1100
Gorski,7213,4882
Goss,26179,1349
Gossett,11389,3170
Gough,8584,4132
Gould,38924,891
Graber,12204,2937
Grabowski,8877,4004
Grace,28098,1248
Gracia,9520,3720
Grady,26103,1355
Graf,13301,2710
Graff,13058,2762
Graham,201159,120
Granados,26187,1347
Grande,7904,4487
Granger,17539,2055
Grant,142277,196
Grantham,10379,3440
Grasso,7894,4492
Graves,84179,371
Gray,246116,87
Grayson,16946,2138
Graziano,7559,4694
Greathouse,8217,4324
Greco,17150,2110
Green,430182,41
Greenberg,20897,1720
Greene,126101,241
Greenfield,11922,3007
Greenlee,9048,3933
Greenwood,24971,1422
Greer,57043,590
Gregg,25554,1386
Gregory,91384,339
Greiner,8935,3978
Gresham,11412,3162
Grey,12680,2845
Grice,8914,3984
Griego,8456,4192
Grier,13868,2600
Griffin,198406,122
Griffis,8309,4278
Griffith,78260,414
Griffiths,14805,2444
Griggs,24819,1437
Grigsby,11501,3141
Grijalva,7678,4619
Grim,7418,4771
Grimes,50245,686
Grimm,22103,1630
Grissom,11563,3116
Griswold,10417,3427
Groff,9889,3599
Grogan,11400,3165
Grooms,11045,3267
Gross,74503,440
Grossman,17484,2067
Grove,21732,1657
Grover,17534,2056
Groves,24629,1447
Grubb,14673,2456
Grubbs,15773,2316
Gruber,14131,2558
Guajardo,13438,2679
Guan,7247,4867
Guardado,12656,2848
Guenther,9809,3621
Guerra,70071,473
Guerrero,128677,234
Guess,7871,4507
Guest,9483,3737
Guevara,46454,746
Guffey,7307,4828
Guido,7068,4971
Guidry,20600,1739
Guillen,30153,1166
Guillory,15161,2391
Guinn,12577,2868
Gulley,10605,3366
Gunderson,13742,2624
Gunn,23524,1525
Gunter,24513,1457
Gunther,7882,4501
Guo,12048,2975
Gupta,19057,1886
Gurley,8669,4098
Gurrola,7211,4883
Gustafson,26421,1333
Guthrie,31956,1095
Gutierrez,293218,67
Guy,28852,1227
Guyton,8191,4337
Guzman,167044,154
Ha,18156,1987
Haag,9957,3576
Haas,34918,1001
Haase,8904,3989
Hacker,13625,2642
Hackett,20278,1772
Hackney,9507,3727
Haddad,10804,3318
Haddock,7940,4472
Hadley,21771,1653
Hagan,21017,1710
Hagen,23616,1518
Hager,21106,1707
Haggard,8384,4230
Haggerty,11320,3194
Hague,7093,4960
Hahn,40250,859
Hail,86240,364
Hailey,8327,4256
Haines,29462,1201
Hair,7814,4539
Hairston,16090,2260
Hale,86618,362
Hales,8363,4240
Haley,37858,917
Hall,407076,45
Haller,9992,3568
Hallman,9938,3582
Halsey,7619,4654
Halstead,9027,3944
Halverson,11781,3040
Ham,16980,2133
Hamblin,8936,3977
Hamby,13823,2609
Hamel,10944,3294
Hamilton,201746,119
Hamlin,16871,2150
Hamm,26726,1314
Hammer,21709,1661
Hammett,7590,4673
Hammock,7222,4877
Hammond,69515,481
Hammonds,12710,2839
Hammons,11273,3206
Hampton,69472,482
Hamrick,12168,2950
Han,29847,1182
Hancock,50558,681
Hand,22006,1639
Handley,9722,3657
Handy,14537,2482
Hanes,9268,3824
Haney,33898,1027
Hankins,21532,1675
Hanks,17498,2066
Hanley,19240,1864
Hanlon,10278,3476
Hanna,39890,867
Hannah,20138,1779
Hannan,7086,4962
Hannon,11893,3016
Hansen,137977,204
Hanson,111144,276
Harbin,8587,4130
Harden,26617,1322
Harder,9665,3676
Hardesty,10817,3316
Hardin,42469,817
Harding,39787,871
Hardison,8128,4375
Hardman,9430,3755
Hardwick,10841,3310
Hardy,80252,399
Hare,16304,2236
Hargis,8503,4168
Hargrave,7037,4989
Hargrove,20360,1764
Harkins,11662,3080
Harlan,11339,3188
Harley,12186,2943
Harlow,11726,3060
Harman,14658,2458
Harmon,74737,438
Harms,14377,2518
Haro,11547,3122
Harp,13646,2638
Harper,124461,245
Harrell,50837,671
Harrelson,8023,4428
Harrington,66959,500
Harris,624252,25
Harrison,181091,141
Harry,9311,3802
Hart,137184,207
Harter,10020,3559
Hartley,31221,1124
Hartman,64106,524
Hartmann,11000,3286
Hartwell,7032,5000
Harvey,115662,266
Harwell,7234,4871
Harwood,11238,3212
Hasan,9374,3775
Haskell,9816,3617
Haskins,16842,2154
Hassan,21801,1652
Hastings,28015,1253
Hatch,26903,1304
Hatcher,29235,1210
Hatfield,34381,1017
Hathaway,18401,1966
Hatton,12090,2966
Hauck,8322,4265
Haugen,9461,3745
Hauser,15981,2279
Havens,11699,3066
Hawes,9908,3590
Hawk,16884,2149
Hawkins,139751,200
Hawks,8639,4105
Hawley,18100,1993
Hawthorne,16758,2167
Hay,18029,2005
Hayden,37451,930
Hayes,194246,127
Haynes,85974,366
Hays,34191,1021
Hayward,15665,2327
Haywood,18360,1970
Hazel,7711,4600
Hazen,7532,4710
He,15363,2373
Head,27292,1285
Headley,9250,3830
Healey,10370,3445
Healy,21751,1654
Heard,23408,1534
Hearn,15234,2385
Heath,51877,660
Heaton,13834,2606
Hebert,41275,836
Hecht,7466,4744
Heck,13995,2580
Heckman,9709,3668
Hedges,9625,3690
Hedrick,18804,1918
Heflin,7609,4660
Hefner,8100,4391
Heil,8205,4327
Heilman,7876,4504
Heim,14414,2513
Hein,12586,2865
Heinrich,8552,4141
Heinz,8311,4276
Held,7195,4896
Heller,25373,1399
Helm,11649,3087
Helms,23949,1493
Helton,25118,1414
Hemphill,13495,2672
Henderson,218393,109
Hendrick,7988,4441
Hendricks,43197,802
Hendrickson,30259,1162
Hendrix,35194,991
Henke,7566,4690
Henley,20934,1717
Hennessey,8357,4245
Hennessy,9338,3790
Henning,16557,2199
Henriquez,15657,2329
Henry,170964,149
Hensley,51081,668
Henson,48013,728
Her,15089,2404
Herbert,26417,1334
Herbst,8419,4208
Heredia,17506,2061
Herman,41750,826
Hermann,8858,4010
Hernandes,8612,4123
Hernandez,1043281,11
Herndon,19183,1871
Herr,11980,2990
Herrera,192711,129
Herrick,12202,2940
Herrin,7755,4576
Herring,38733,894
Herrington,14498,2491
Herrmann,13226,2723
Herron,26559,1328
Hershberger,14357,2523
Herzog,11146,3239
Hess,59486,564
Hester,35642,976
Hewitt,29694,1191
Hiatt,10247,3486
Hibbard,7885,4496
Hickey,29350,1206
Hickman,41163,838
Hicks,158320,170
Hidalgo,23134,1556
Higdon,9753,3642
Higginbotham,14489,2492
Higgins,79803,400
Higgs,10333,3458
High,13961,2585
Hightower,20065,1787
Hildebrand,11687,3072
Hildreth,7269,4849
Hill,434827,39
Hiller,10546,3387
Hilliard,20377,1756
Hillman,15738,2321
Hills,13829,2608
Hilton,28918,1223
Himes,8831,4026
Hinds,15337,2375
Hines,71717,462
Hinkle,22983,1565
Hinojosa,26146,1352
Hinson,19857,1807
Hinton,35606,979
Hintz,7406,4776
Hirsch,17072,2120
Hitchcock,13608,2646
Hite,11810,3034
Hitt,7762,4567
Ho,49817,691
Hoang,29798,1185
Hobbs,48522,717
Hobson,17043,2128
Hodge,52920,643
Hodges,70223,471
Hodgson,10173,3511
Hofer,7682,4617
Hoff,17223,2103
Hoffman,131401,224
Hoffmann,16966,2136
Hofmann,9192,3857
Hogan,63085,536
Hogg,7119,4945
Hogue,16457,2213
Hoke,9096,3901
Holbrook,23843,1502
Holcomb,28852,1227
Holcombe,8103,4390
Holden,34824,1008
Holder,33465,1040
Holguin,16090,2260
Holland,102538,305
Holley,30231,1163
Holliday,20491,1748
Hollingsworth,23831,1504
Hollins,10213,3499
Hollis,28617,1233
Holloman,7536,4708
Holloway,58040,576
Holly,8934,3979
Holm,13341,2701
Holman,32788,1069
Holmes,156780,171
Holt,87531,358
Holton,11731,3058
Holtz,9502,3730
Homan,9597,3702
Honeycutt,16587,2192
Hong,31670,1106
Hood,55174,616
Hook,13437,2680
Hooker,16646,2185
Hooks,17053,2125
Hooper,34247,1020
Hoover,57497,580
Hope,17562,2052
Hopkins,96810,322
Hoppe,9215,3841
Hopper,27353,1281
Hopson,12180,2946
Horan,10711,3345
Horn,52138,655
Horne,37689,921
Horner,23881,1500
Horning,7322,4820
Hornsby,7267,4850
Horowitz,9671,3674
Horst,9245,3831
Horton,85195,367
Horvath,15302,2379
Hoskins,24581,1449
Hostetler,14505,2490
Houck,12634,2854
Hough,15549,2345
Houghton,11184,3228
Houle,8364,4239
House,41000,844
Houser,20484,1749
Houston,56900,592
Howard,264826,75
Howe,42265,820
Howell,112041,272
Howland,8675,4092
Hoy,9196,3855
Hoyle,9192,3857
Hoyt,21169,1701
Hsu,16907,2147
Hu,19999,1797
Huang,72328,456
Hubbard,70362,470
Huber,37170,933
Hubert,10380,3439
Huddleston,17231,2102
Hudgins,11755,3048
Hudson,134963,214
Huerta,47455,735
Huey,9800,3625
Huff,55484,612
Huffman,50786,674
Huggins,22371,1602
Hughes,236271,90
Hull,43018,807
Hulsey,9317,3796
Hummel,14715,2453
Humphrey,49056,705
Humphreys,13895,2593
Humphries,18201,1981
Hundley,8532,4152
Hung,7137,4932
Hunt,158421,169
Hunter,162440,160
Huntington,7306,4831
Huntley,12614,2858
Hurd,20540,1743
Hurley,39796,870
Hurst,46244,749
Hurt,21037,1708
Hurtado,30286,1160
Huskey,7080,4966
Hussain,16909,2146
Hussein,7182,4903
Hussey,9176,3867
Huston,16435,2218
Hutchens,7954,4463
Hutcheson,8321,4266
Hutchings,8833,4025
Hutchins,26251,1344
Hutchinson,48781,710
Hutchison,24820,1436
Hutson,15835,2304
Hutto,8403,4217
Hutton,18479,1955
Huynh,54996,620
Hwang,17900,2017
Hyatt,19280,1863
Hyde,29094,1213
Hyland,7862,4512
Hylton,8440,4199
Hyman,11436,3158
Hynes,8104,4388
Ibanez,8614,4121
Ibarra,66063,507
Ibrahim,15915,2290
Iglesias,10546,3387
Infante,11102,3252
Ingle,10497,3409
Ingram,69345,484
Iniguez,8750,4057
Inman,24222,1474
Irby,11506,3138
Ireland,14800,2445
Irish,7336,4813
Irizarry,14114,2560
Irons,7358,4804
Irvin,21263,1695
Irvine,9397,3769
Irving,14896,2433
Irwin,34297,1019
Isaac,18903,1898
Isaacs,14951,2422
Isaacson,7668,4628
Isbell,9905,3594
Islam,10670,3354
Islas,9200,3853
Isom,10099,3535
Israel,10245,3488
Iverson,15539,2346
Ives,8233,4317
Ivey,23263,1546
Ivory,7201,4893
Ivy,13524,2667
Jablonski,7469,4743
Jack,15256,2382
Jackman,7738,4587
Jackson,708099,19
Jacob,24688,1444
Jacobo,11590,3105
Jacobs,118614,257
Jacobsen,18820,1914
Jacobson,44808,767
Jacoby,9372,3776
Jacques,14417,2512
Jaeger,12436,2887
Jaime,13532,2665
Jaimes,17573,2050
Jain,11626,3094
James,249379,85
Jameson,13255,2715
Jamieson,7338,4812
Jamison,27697,1270
Janes,7659,4632
Jang,9125,3890
Jankowski,8970,3964
Jansen,16596,2189
Janssen,11423,3160
Jaquez,8281,4295
Jara,8790,4042
Jaramillo,36755,945
Jarrell,13562,2660
Jarrett,21821,1648
Jarvis,35350,985
Jasper,9632,3687
Jasso,13318,2707
Jauregui,12783,2823
Javier,9226,3838
Jay,9852,3604
Jean,21140,1703
Jeanbaptiste,7915,4483
Jeffers,17455,2073
Jefferson,55179,615
Jeffery,9766,3638
Jeffrey,11085,3257
Jeffries,23510,1526
Jenkins,222653,102
Jenks,7396,4782
Jennings,89700,347
Jensen,115679,265
Jenson,7956,4461
Jernigan,15889,2294
Jerome,9131,3885
Jester,7587,4676
Jeter,13198,2729
Jett,12008,2985
Jewell,23187,1550
Jewett,8330,4254
Jiang,19409,1849
Jimenez,227118,100
Jin,10432,3421
Jobe,8536,4151
Joe,9280,3819
Johansen,9815,3619
John,33543,1034
Johns,47246,739
Johnsen,7831,4528
Johnson,1932812,2
Johnston,131373,225
Johnstone,7313,4825
Joiner,16349,2228
Jolley,9392,3770
Jolly,15827,2306
Jonas,9043,3937
Jones,1425470,5
Jordan,208403,116
Jorgensen,20731,1728
Jorgenson,7551,4698
Jose,10697,3348
Joseph,100959,313
Joshi,10089,3542
Joy,13413,2684
Joyce,34132,1022
Joyner,29884,1177
Juan,7350,4808
Juarez,101949,306
Judd,18110,1991
Judge,10453,3414
Julian,15520,2349
Jung,24026,1486
Jurado,9309,3804
Justice,32480,1077
Kahn,14584,2473
Kaiser,33480,1039
Kaminski,14152,2553
Kane,50584,680
Kang,32221,1084
Kaplan,29582,1196
Karr,10324,3460
Kasper,10064,3545
Katz,31780,1101
Kauffman,22353,1606
Kaufman,34844,1007
Kaur,48753,711
Kay,24337,1467
Kaye,8627,4113
Keane,11459,3154
Kearney,20706,1730
Kearns,15136,2394
Keating,17060,2121
Keaton,9723,3656
Keck,11186,3227
Kee,9049,3932
Keefe,11028,3275
Keefer,9552,3713
Keegan,10354,3450
Keel,8682,4090
Keeler,11546,3124
Keeling,8938,3975
Keen,18459,1959
Keenan,20353,1765
Keene,17711,2032
Keener,13687,2633
Keeney,9294,3813
Keeton,9748,3647
Kehoe,7708,4602
Keim,7769,4565
Keiser,7348,4809
Keith,48487,718
Kelleher,9714,3663
Keller,98268,317
Kelley,140693,198
Kellogg,15317,2378
Kelly,267394,74
Kelsey,14456,2501
Kelso,8671,4096
Kemp,46146,753
Kemper,10518,3401
Kendall,31209,1126
Kendrick,27915,1259
Kennedy,176865,146
Kenney,27759,1266
Kenny,17429,2077
Kent,44325,778
Kenyon,12891,2796
Kern,28547,1237
Kerns,15614,2333
Kerr,44711,771
Kersey,8459,4189
Kessler,29064,1216
Kester,7237,4870
Ketchum,8407,4213
Key,33501,1037
Keyes,18252,1979
Keys,18899,1900
Keyser,7978,4446
Khan,76171,427
Kidd,33186,1060
Kidwell,9006,3951
Kiefer,11141,3240
Kilgore,21627,1667
Killian,12717,2833
Kilpatrick,14087,2565
Kim,262352,77
Kimball,23293,1544
Kimble,18040,2003
Kimbrough,12034,2978
Kimmel,10528,3396
Kinard,7035,4990
Kincaid,18075,2000
Kinder,10539,3391
King,465422,34
Kingsley,8043,4417
Kingston,7033,4998
Kinney,31558,1113
Kinsey,16102,2258
Kirby,53767,633
Kirchner,10044,3554
Kirk,54394,623
Kirkland,30283,1161
Kirkpatrick,26251,1344
Kirkwood,8227,4320
Kirsch,8764,4050
Kiser,18674,1934
Kish,8725,4072
Kitchen,15170,2390
Kitchens,10647,3359
Klein,81471,392
Kline,45390,761
Kling,7713,4598
Klinger,9179,3864
Knapp,41771,825
Knight,136713,209
Knoll,9608,3697
Knott,14622,2466
Knotts,7232,4872
Knowles,28460,1239
Knowlton,8157,4354
Knox,44742,769
Knudsen,9104,3898
Knudson,7278,4841
Knutson,16910,2145
Ko,13312,2708
Koch,49395,698
Koehler,19368,1853
Koehn,9559,3711
Koenig,22499,1592
Koester,7380,4789
Kohl,9303,3806
Kohler,16686,2177
Kohn,9701,3673
Kolb,11705,3064
Kong,14165,2551
Koontz,10538,3392
Kopp,11175,3232
Koss,8544,4147
Kovach,9040,3940
Kovacs,9072,3917
Kowalski,18077,1999
Kozak,7495,4733
Kozlowski,10358,3449
Kraemer,7726,4592
Kraft,22035,1635
Kramer,63936,526
Kraus,19028,1890
Krause,34722,1009
Krebs,11067,3260
Kremer,7784,4554
Kress,7528,4711
Krieger,11521,3133
Kroll,11098,3253
Krueger,36743,946
Krug,7827,4531
Kruger,13898,2591
Kruse,20584,1741
Kuehn,7181,4905
Kuhn,31776,1102
Kuhns,7055,4979
Kumar,25986,1357
Kunkel,9488,3736
Kuntz,10848,3307
Kunz,9953,3578
Kuo,7426,4767
Kurtz,24216,1476
Kuykendall,9841,3608
Kwan,8965,3966
Kwon,13235,2721
Kyle,18721,1924
Lacey,18691,1930
Lackey,18082,1996
Lacroix,8003,4436
Lacy,23110,1559
Ladd,16112,2256
Lafferty,10373,3443
Lafleur,9430,3755
Lagunas,7080,4966
Lai,19157,1873
Laird,18696,1929
Lake,32104,1091
Lam,55554,611
Lamar,11733,3057
Lamb,59913,561
Lambert,93678,329
Lancaster,32362,1080
Lance,13122,2747
Land,21116,1704
Landa,8267,4298
Landeros,10934,3295
Landers,19144,1876
Landis,18826,1912
Landon,9211,3844
Landrum,12026,2981
Landry,39391,884
Lane,134227,216
Laney,10796,3323
Lang,61529,545
Langdon,8794,4041
Lange,30984,1132
Langer,7506,4724
Langford,19208,1870
Langley,27252,1289
Langlois,7513,4719
Langston,19742,1816
Lanham,10170,3513
Lanier,20997,1712
Lankford,11834,3028
Lanning,8711,4078
Lantz,12169,2949
Laplante,7195,4896
Lapointe,8894,3995
Laporte,7528,4711
Lapp,7761,4568
Lara,83067,381
Larios,10887,3299
Larkin,23578,1521
Larose,7552,4697
Larsen,55960,606
Larson,122587,247
Larue,11757,3047
Lassiter,13066,2760
Laster,9202,3847
Latham,21277,1693
Lathrop,8057,4408
Latimer,9733,3653
Lau,29792,1187
Lauer,11414,3161
Laughlin,16323,2232
Lavender,7744,4583
Lavigne,7204,4891
Lavoie,9408,3765
Law,32122,1089
Lawler,14387,2516
Lawless,9093,3903
Lawrence,129699,232
Laws,14511,2486
Lawson,119053,256
Lawton,13713,2630
Lay,18468,1957
Layman,10038,3556
Layne,13367,2697
Layton,19504,1836
Lazaro,9061,3922
Lazo,12640,2850
Le,110967,277
Lea,9180,3863
Leach,44581,772
Leahy,11014,3280
Leal,35958,969
Lear,7649,4638
Leary,15505,2351
Leavitt,13133,2743
Leblanc,42575,815
Lebron,9843,3606
Leclair,8162,4351
Ledbetter,19417,1847
Ledesma,20311,1768
Ledezma,9721,3659
Ledford,18532,1946
Lee,693023,21
Leger,10221,3497
Legg,9671,3674
Leggett,12977,2777
Lehman,32180,1086
Lehmann,8799,4039
Lei,7504,4726
Leigh,10213,3499
Leighton,8399,4222
Leiva,8193,4335
Lemaster,7858,4513
Lemay,8471,4182
Lemieux,7567,4689
Lemke,10501,3406
Lemon,15140,2393
Lemons,12322,2910
Lemus,27079,1297
Lennon,10720,3343
Lentz,15126,2396
Lenz,11191,3226
Leo,8039,4423
Leon,86363,363
Leonard,91475,338
Leone,15364,2372
Leong,9094,3902
Lerma,12639,2852
Lerner,7672,4625
Leroy,7759,4571
Leslie,25078,1417
Lester,44784,768
Leung,20496,1747
Levesque,11490,3146
Levi,7500,4731
Levin,19144,1876
Levine,33637,1032
Levy,37228,932
Lew,7410,4775
Lewandowski,11577,3110
Lewis,531781,29
Leyva,26153,1351
Li,111786,273
Liang,24140,1480
Liao,8482,4177
Libby,10631,3360
Lieberman,8302,4282
Light,16769,2164
Lightfoot,8634,4109
Liles,10317,3463
Lilley,7780,4557
Lilly,22662,1580
Lim,37021,936
Lima,19109,1882
Limon,14472,2496
Lin,79508,402
Linares,19688,1820
Lincoln,16477,2209
Lind,14990,2416
Lindberg,10149,3516
Linder,13830,2607
Lindgren,7300,4834
Lindley,10260,3482
Lindner,7428,4765
Lindquist,11337,3189
Lindsay,33255,1052
Lindsey,63760,529
Lindstrom,9754,3641
Ling,9127,3887
Link,22137,1627
Linn,12508,2876
Linton,14354,2524
Linville,7517,4717
Lipscomb,12948,2788
Lira,14758,2447
Lister,8350,4250
Little,105936,291
Littlefield,9707,3670
Littlejohn,12047,2976
Littleton,9939,3581
Liu,78370,411
Lively,11026,3279
Livingston,42103,821
Llamas,11028,3275
Lloyd,64202,522
Lo,17687,2036
Locke,27643,1272
Lockett,14140,2555
Lockhart,27883,1261
Locklear,19716,1819
Lockwood,19865,1806
Loera,13218,2726
Lofton,13900,2590
Loftus,8166,4347
Logan,67909,492
Logsdon,10242,3491
Logue,8328,4255
Lomax,9789,3627
Lombardi,14227,2545
Lombardo,15598,2336
Lomeli,12263,2922
London,16195,2249
Long,229374,97
Longo,12594,2864
Longoria,17818,2025
Loomis,14518,2485
Looney,12910,2795
Loper,7950,4467
Lopes,18310,1976
Lopez,874523,12
Lor,11479,3149
Lord,23405,1535
Loredo,7830,4530
Lorenz,14528,2483
Lorenzo,17825,2024
Lott,26174,1350
Louie,8485,4175
Louis,23738,1510
Lovato,8293,4289
Love,82873,385
Lovejoy,8351,4249
Lovelace,13787,2613
Loveless,9533,3718
Lovell,21171,1700
Lovett,19471,1842
Loving,7135,4933
Low,12032,2979
Lowe,92260,334
Lowery,43278,799
Lowman,7284,4838
Lowry,24895,1428
Loy,8868,4006
Loya,12232,2931
Loyd,13547,2662
Loza,9011,3949
Lozada,8959,3969
Lozano,57779,577
Lu,35628,978
Lucas,107690,286
Luce,9704,3672
Lucero,39986,865
Luciano,10247,3486
Lucio,9780,3631
Luckett,7790,4547
Ludwig,22380,1600
Lugo,37903,913
Luis,9255,3827
Lujan,22021,1637
Luke,18425,1961
Lum,8060,4406
Lumpkin,9307,3805
Luna,104518,298
Lund,24347,1465
Lundberg,7958,4458
Lundgren,7198,4894
Lundy,14850,2439
Lung,7753,4578
Lunsford,16962,2137
Luo,10005,3564
Luong,14464,2499
Lusk,12847,2803
Luster,7316,4823
Luther,13906,2589
Luttrell,9632,3687
Lutz,32050,1092
Luu,15702,2324
Ly,29891,1176
Lyle,13192,2731
Lyles,16062,2265
Lyman,11664,3079
Lynch,117708,259
Lynn,37644,924
Lyon,27690,1271
Lyons,84516,369
Lytle,12970,2781
Ma,28452,1240
Maas,9285,3818
Mabry,12846,2804
Macdonald,46717,744
Mace,12222,2933
Macedo,8433,4201
Machado,23170,1552
Macias,62227,538
Maciel,11500,3142
Mack,71056,468
Mackay,9886,3600
Mackenzie,13733,2628
Mackey,30749,1143
Macklin,7140,4927
Maclean,7504,4726
Macleod,7886,4495
Madden,35438,982
Maddox,36250,959
Madera,9583,3705
Madison,28411,1241
Madrid,25854,1364
Madrigal,27033,1299
Madsen,17364,2083
Maestas,8296,4287
Magallanes,8852,4012
Magana,39105,888
Magdaleno,7956,4461
Magee,27720,1269
Magnuson,7980,4445
Maguire,16713,2173
Mahaffey,8079,4400
Mahan,15375,2371
Maher,23222,1549
Mahon,9441,3749
Mahoney,40397,855
Mai,17445,2075
Maier,14135,2557
Main,12776,2824
Major,20977,1714
Majors,9747,3650
Maki,9190,3860
Malcolm,10618,3364
Maldonado,121526,249
Malik,14925,2429
Mallory,17578,2048
Malloy,16546,2200
Malone,71286,465
Maloney,30671,1149
Mancilla,7908,4486
Mancini,11382,3175
Mancuso,9711,3665
Maness,8095,4393
Mangum,9515,3723
Manley,25136,1413
Mann,83510,378
Manning,74949,434
Manriquez,8119,4381
Mansfield,18725,1923
Manson,7663,4629
Manuel,27529,1277
Manzanares,7480,4740
Manzano,9608,3697
Manzo,13635,2639
Maples,10603,3367
March,10719,3344
Marcum,16246,2244
Marcus,17671,2037
Marek,8042,4420
Mares,14931,2427
Mariano,9091,3904
Marin,43904,784
Marino,31687,1105
Marion,14777,2446
Mariscal,8368,4238
Mark,14265,2537
Markham,13137,2741
Markley,7581,4679
Marks,49177,703
Marler,7058,4975
Marlow,13205,2728
Marquardt,8749,4058
Marques,7520,4716
Marquez,107533,287
Marquis,8737,4065
Marr,10724,3341
Marrero,21109,1706
Marroquin,19661,1822
Marsh,62304,537
Marshall,183922,139
Marte,8867,4007
Martel,9056,3925
Martell,11158,3234
Martens,10096,3540
Martin,702625,20
Martines,9363,3780
Martinez,1060159,10
Martini,7612,4658
Martino,13128,2746
Martins,11751,3050
Martinson,8048,4412
Martz,8250,4309
Marvin,10310,3468
Marx,11716,3062
Mason,160213,166
Massey,55595,610
Massie,10920,3296
Mast,15932,2288
Masters,23533,1524
Masterson,12117,2961
Mata,48120,724
Mateo,13746,2623
Matheny,8595,4128
Mather,7621,4652
Matheson,7585,4678
Mathew,13808,2612
Mathews,51592,663
Mathias,8851,4014
Mathis,54217,625
Matias,11635,3091
Matlock,12599,2861
Matos,21258,1696
Matson,12320,2911
Matteson,7148,4919
Matthews,131303,226
Mattingly,15050,2411
Mattison,7485,4737
Mattox,10099,3535
Mattson,16203,2247
Mauldin,10011,3561
Maurer,20707,1729
Mauro,7722,4594
Maxey,10584,3372
Maxwell,67961,490
May,103306,304
Maya,10313,3466
Mayberry,14326,2527
Mayer,39555,880
Mayes,25256,1408
Mayfield,29805,1184
Mayhew,9085,3908
Maynard,36460,953
Mayo,35228,989
Mayorga,9659,3679
Mays,40408,854
Mazur,8733,4069
Mazza,8043,4417
Mcadams,11547,3122
Mcafee,12371,2898
Mcalister,11665,3078
Mcallister,29544,1197
Mcarthur,12683,2844
Mcbride,63899,527
Mccabe,30401,1154
Mccaffrey,8181,4339
Mccain,19032,1888
Mccall,43483,794
Mccallister,8545,4146
Mccallum,10229,3495
Mccann,35408,983
Mccarter,9849,3605
Mccarthy,82950,384
Mccartney,13615,2645
Mccarty,36944,939
Mccauley,24743,1442
Mcclain,48165,722
Mcclanahan,10407,3429
Mcclellan,26060,1356
Mcclelland,14092,2564
Mcclendon,18857,1907
Mcclintock,9141,3879
Mccloskey,10756,3336
Mccloud,15783,2313
Mcclung,9456,3746
Mcclure,47742,731
Mccollum,19990,1798
Mccombs,9134,3882
Mcconnell,39754,872
Mccool,7259,4856
Mccord,17875,2019
Mccorkle,8529,4154
Mccormack,17449,2074
Mccormick,63649,532
Mccoy,110744,278
Mccracken,19287,1862
Mccrary,12204,2937
Mccray,28024,1252
Mccreary,8298,4285
Mccue,8250,4309
Mcculloch,8244,4312
Mccullough,45852,755
Mccune,9549,3715
Mccurdy,12463,2880
Mccurry,7590,4673
Mccutcheon,9230,3835
Mcdade,7119,4945
Mcdaniel,88728,352
Mcdaniels,7256,4858
Mcdermott,30528,1151
Mcdevitt,7425,4768
Mcdonald,180497,143
Mcdonnell,14309,2532
Mcdonough,21739,1655
Mcdougal,7139,4930
Mcdowell,49217,702
Mcduffie,10125,3526
Mcelroy,24668,1446
Mcewen,7610,4659
Mcfadden,31839,1098
Mcfall,7602,4664
Mcfarland,41300,835
Mcfarlane,9319,3795
Mcgee,74542,439
Mcghee,23461,1529
Mcgill,27330,1282
Mcginnis,26953,1303
Mcgovern,17257,2095
Mcgowan,33340,1046
Mcgrath,34871,1006
Mcgraw,21614,1668
Mcgregor,15614,2333
Mcgrew,9354,3786
Mcguire,64327,521
Mchenry,11660,3082
Mchugh,18422,1962
Mcinnis,7933,4475
Mcintire,10566,3380
Mcintosh,42379,819
Mcintyre,43842,786
Mckay,38681,895
Mckee,44137,780
Mckeever,7647,4642
Mckelvey,7043,4985
Mckenna,27293,1284
Mckenney,7265,4852
Mckenzie,59595,563
Mckeon,7283,4839
Mckeown,7357,4805
Mckinley,24000,1489
Mckinney,83616,377
Mckinnon,15450,2359
Mcknight,34055,1023
Mckoy,7820,4535
Mclain,17152,2109
Mclaughlin,74816,437
Mclaurin,8045,4414
Mclean,43260,801
Mclemore,10850,3306
Mclendon,8453,4193
Mcleod,30769,1141
Mcmahan,14368,2522
Mcmahon,39411,883
Mcmanus,23909,1498
Mcmichael,7392,4785
Mcmillan,40237,860
Mcmillen,10371,3444
Mcmillian,11765,3043
Mcmullen,20545,1742
Mcmurray,9824,3613
Mcnabb,9935,3583
Mcnair,16595,2191
Mcnally,16039,2268
Mcnamara,26534,1329
Mcneal,20778,1723
Mcneely,11350,3183
Mcneil,34368,1018
Mcneill,19152,1875
Mcnulty,13483,2674
Mcnutt,9232,3834
Mcpherson,36125,965
Mcqueen,19760,1814
Mcrae,18156,1987
Mcreynolds,7373,4795
Mcvay,8086,4398
Mcvey,8848,4018
Mcwhorter,9312,3801
Mcwilliams,20523,1746
Mead,22727,1578
Meade,22091,1631
Meador,10292,3474
Meadows,44500,773
Means,16203,2247
Mears,9988,3569
Medeiros,19031,1889
Medina,188497,133
Medley,13630,2641
Medlin,10750,3338
Medrano,40261,858
Meehan,14630,2464
Meek,14970,2419
Meeker,8781,4046
Meeks,29457,1202
Mehta,14342,2526
Mei,7867,4510
Meier,25486,1391
Meister,7885,4496
Mejia,104057,300
Melchor,8319,4269
Melendez,56230,603
Melgar,9106,3897
Mello,11670,3076
Melo,9731,3655
Melton,50069,688
Melvin,20008,1795
Mena,19522,1832
Menard,11543,3126
Menchaca,8169,4345
Mendenhall,10213,3499
Mendes,10162,3514
Mendez,161717,162
Mendiola,10752,3337
Mendoza,242771,88
Menendez,11609,3102
Meneses,8548,4143
Menjivar,8622,4116
Meraz,8616,4119
Mercado,60761,555
Mercer,34431,1016
Merchant,14692,2455
Mercier,8149,4361
Meredith,24679,1445
Merino,11684,3073
Merrell,8809,4032
Merrick,8629,4111
Merrill,32620,1073
Merriman,9085,3908
Merritt,45594,756
Mertz,7841,4521
Mesa,13566,2656
Messer,20306,1769
Messina,12717,2833
Metcalf,23946,1494
Metz,20366,1760
Metzger,20771,1724
Meyer,150895,183
Meyers,57127,586
Meza,53230,639
Michael,40736,847
Michaels,17528,2057
Michaud,14910,2431
Michel,25578,1383
Michels,7225,4875
Mickelson,7267,4850
Middleton,42578,813
Miguel,10861,3303
Milam,11787,3038
Milburn,7871,4507
Miles,84942,368
Miley,7365,4797
Millan,10733,3339
Millard,12843,2805
Miller,1161437,7
Milligan,22416,1597
Mills,151942,182
Milner,12153,2955
Milton,20703,1732
Mims,19139,1878
Miner,21439,1683
Minnick,7581,4679
Minor,30702,1145
Minter,10301,3470
Minton,13737,2626
Miramontes,8884,3998
Miranda,93628,330
Mireles,17186,2105
Mitchell,384486,48
Mixon,12394,2894
Mize,11908,3008
Mobley,29065,1215
Mock,15847,2301
Moe,11150,3238
Moeller,13915,2588
Moen,8138,4367
Moffett,11853,3025
Moffitt,10070,3543
Mohamed,27972,1257
Mohammed,15132,2395
Mohr,17180,2106
Mojica,14737,2450
Molina,96979,320
Moll,7131,4938
Molloy,7238,4868
Molnar,8586,4131
Monaco,8198,4331
Monaghan,7968,4452
Monahan,15533,2347
Moncada,8574,4134
Mondragon,18620,1941
Monge,8418,4209
Monk,12103,2964
Monroe,55136,617
Monroy,14673,2456
Monson,10425,3424
Montague,11258,3209
Montalvo,23454,1531
Montanez,16281,2240
Montano,27276,1286
Montelongo,8472,4180
Montemayor,8106,4386
Montenegro,10606,3365
Montero,17314,2090
Montes,48142,723
Montez,10097,3539
Montgomery,115953,263
Montiel,12376,2896
Montoya,71844,459
Moody,64429,519
Moon,45528,758
Mooney,33555,1033
Moore,724374,18
Moorman,7399,4780
Mora,57464,583
Morales,311777,63
Moran,88615,353
Moreau,9035,3943
Morehead,7653,4636
Moreira,9037,3942
Morel,8085,4399
Moreland,17832,2023
Moreno,196925,124
Morey,10894,3298
Morgan,286280,69
Moriarty,10005,3564
Morin,29593,1194
Morley,11028,3275
Morrell,11700,3065
Morrill,7598,4667
Morris,318884,62
Morrison,121130,250
Morrissey,13564,2658
Morrow,56840,594
Morse,41774,824
Mortensen,11013,3282
Morton,59213,568
Mosby,7549,4699
Moseley,17130,2112
Moser,30483,1152
Moses,39216,887
Mosher,15672,2325
Mosier,8522,4157
Mosley,47963,730
Mosqueda,9709,3668
Moss,76908,423
Mota,14182,2547
Motley,10274,3480
Mott,17092,2117
Moua,14013,2579
Moulton,12104,2963
Mount,8754,4055
Mowery,8226,4321
Moy,8781,4046
Moya,18071,2001
Moye,7657,4634
Moyer,37050,935
Mueller,64191,523
Muhammad,19076,1884
Muir,11130,3245
Mulder,7317,4822
Mull,9377,3774
Mullen,37502,928
Muller,27216,1293
Mulligan,14590,2469
Mullin,11103,3250
Mullins,71646,463
Mullis,9003,3954
Mundy,9439,3752
Munguia,12615,2857
Muniz,30695,1147
Munn,8751,4056
Munoz,158483,168
Munson,17745,2030
Murdock,19873,1804
Murillo,45558,757
Muro,7916,4481
Murphy,308417,64
Murray,184910,136
Murrell,11347,3185
Murry,10140,3518
Muse,12571,2870
Musser,9820,3615
Myers,229895,96
Myles,13898,2591
Myrick,13236,2720
Nadeau,12236,2929
Nagel,14545,2480
Nagle,10963,3292
Nagy,15497,2354
Nail,7133,4936
Nair,7513,4719
Najera,18340,1971
Nakamura,7658,4633
Nall,7966,4454
Nance,24018,1487
Napier,19182,1872
Napolitano,7153,4917
Naranjo,15658,2328
Narvaez,10579,3373
Nash,58714,569
Nathan,8300,4284
Nation,7125,4940
Nava,39670,874
Navarrete,24259,1471
Navarro,99807,315
Naylor,16745,2169
Neal,91694,337
Needham,10983,3289
Neel,7209,4887
Neeley,9288,3816
Neely,23843,1502
Neff,22764,1577
Negrete,15245,2384
Negron,18413,1963
Neil,10228,3496
Neill,9404,3768
Nelms,7303,4833
Nelson,424958,43
Nemeth,8362,4241
Neri,8094,4394
Nesbitt,13248,2717
Nesmith,7097,4955
Ness,11037,3272
Nettles,11302,3198
Neuman,8982,3957
Neumann,17484,2067
Nevarez,16607,2188
Neville,11739,3053
New,11903,3011
Newberry,13482,2675
Newby,11483,3148
Newcomb,14292,2534
Newell,32909,1064
Newkirk,10620,3363
Newland,7491,4735
Newman,101931,307
Newsom,11218,3218
Newsome,23958,1491
Newton,74092,443
Ng,31210,1125
Ngo,33005,1062
Nguyen,437645,38
Nicholas,27922,1258
Nichols,145584,189
Nicholson,58151,575
Nickel,8292,4291
Nickerson,15970,2283
Nicolas,9006,3951
Nielsen,42773,810
Nielson,11511,3137
Nieto,25701,1376
Nieves,34896,1004
Niles,10173,3511
Nilson,10010,3562
Nino,11202,3224
Nix,24786,1438
Nixon,38147,907
Noble,41667,829
Nobles,12965,2782
Noe,11182,3229
Noel,31768,1103
Nolan,46054,754
Noland,9386,3772
Nolasco,11609,3102
Nolen,10820,3315
Noll,10374,3442
Noonan,13286,2711
Noriega,14559,2477
Norman,67704,495
Norris,89796,346
North,20343,1766
Norton,63722,531
Norwood,22461,1596
Novak,35461,980
Nowak,18891,1902
Noyes,9710,3666
Nugent,15977,2281
Null,7170,4910
Nunes,12191,2942
Nunez,125350,242
Nunley,9046,3936
Nunn,16769,2164
Nutt,7541,4706
Nutter,8137,4368
Nye,12167,2952
Oakes,17499,2065
Oakley,17238,2099
Oaks,7182,4903
Oates,12202,2940
Obrien,118557,258
Ocampo,25720,1374
Ocasio,9293,3815
Ochoa,78677,408
Oconnell,36194,961
Oconnor,77923,417
Odell,31349,1117
Oden,8240,4315
Odom,35020,996
Odonnell,43460,795
Ogden,18860,1906
Ogle,14354,2524
Oglesby,12271,2919
Ogrady,7306,4831
Oh,18285,1978
Ohara,21710,1660
Ojeda,22045,1633
Okeefe,17414,2079
Oldham,12928,2792
Olds,7670,4627
Oleary,22329,1607
Olguin,10660,3356
Oliva,19513,1835
Olivares,23982,1490
Olivarez,9720,3660
Olivas,20106,1785
Oliveira,19055,1887
Oliver,115900,264
Olivera,9108,3896
Olivo,10483,3412
Olmos,9895,3596
Olmstead,8021,4430
Olsen,59356,566
Olson,164035,157
Olvera,27551,1275
Omalley,17588,2046
Omar,7660,4631
Oneal,47979,729
Oneil,28949,1220
Oneill,50028,689
Ong,9584,3704
Ontiveros,16382,2225
Ordaz,7753,4578
Ordonez,18498,1952
Oreilly,12074,2970
Orellana,26651,1319
Orlando,12586,2865
Ornelas,22969,1568
Oropeza,7082,4965
Orosco,8313,4273
Orourke,16457,2213
Orozco,65904,512
Orr,44388,774
Orta,7820,4535
Ortega,127256,239
Ortiz,286899,68
Osborn,32439,1078
Osborne,66827,502
Osburn,7549,4699
Oshea,10531,3395
Osman,9908,3590
Osorio,29482,1199
Ostrander,9518,3722
Osullivan,11818,3032
Osuna,7601,4666
Oswald,14322,2530
Otero,20937,1716
Otis,7549,4699
Otoole,10842,3309
Ott,25738,1373
Otto,22558,1587
Ouellette,13984,2583
Outlaw,8901,3991
Ovalle,7698,4610
Overstreet,12342,2907
Overton,18820,1914
Oviedo,8145,4362
Owen,61630,543
Owens,182719,140
Oxendine,7139,4930
Pace,39879,868
Pacheco,77642,419
Pack,18678,1932
Packard,9494,3733
Packer,9048,3933
Padgett,25413,1397
Padilla,105365,293
Padron,13114,2751
Paez,10433,3420
Pagan,23474,1528
Pagano,8465,4186
Page,82992,383
Paige,20063,1789
Paine,8501,4171
Painter,21969,1641
Pak,10846,3308
Palacio,8400,4220
Palacios,43798,789
Palermo,8165,4348
Palm,7041,4986
Palma,20636,1735
Palmer,156601,172
Palomares,7084,4964
Palomino,9313,3800
Palomo,7478,4741
Palumbo,11005,3285
Pan,12664,2847
Pang,7642,4645
Paniagua,10340,3455
Pannell,8687,4089
Pantoja,15249,2383
Pappas,16559,2198
Paquette,9606,3699
Parada,8649,4103
Pardo,11104,3249
Paredes,27274,1287
Parent,11193,3225
Parham,15846,2302
Parikh,7506,4724
Paris,17707,2033
Parish,14466,2498
Parisi,8326,4259
Park,106696,289
Parker,336221,56
Parkinson,9767,3637
Parks,88586,354
Parnell,14560,2475
Parr,16286,2239
Parra,36765,943
Parris,12710,2839
Parrish,49733,694
Parrott,13753,2620
Parry,10555,3383
Parson,13209,2727
Parsons,67310,498
Partida,8878,4002
Partin,8296,4287
Partridge,9909,3589
Pascual,11959,2998
Pastor,7647,4642
Pate,29327,1208
Patel,229973,95
Paterson,7035,4990
Patino,21113,1705
Patrick,60845,552
Patten,11730,3059
Patterson,205423,117
Patton,66293,506
Paul,78256,415
Pauley,10809,3317
Paulino,11500,3142
Paulsen,11243,3211
Paulson,19331,1857
Paxton,11754,3049
Payne,142601,195
Payton,23670,1515
Paz,25574,1384
Peace,8841,4022
Peacock,21712,1659
Peak,8713,4076
Pearce,31060,1129
Pearl,7570,4687
Pearson,101836,308
Pease,12937,2790
Peck,40055,864
Pedersen,20135,1780
Pederson,14370,2520
Pedraza,12748,2829
Pedroza,10918,3297
Peebles,8843,4021
Peek,11062,3263
Peeples,7499,4732
Pelayo,8402,4218
Pellegrino,7398,4781
Pelletier,17808,2026
Peltier,7140,4927
Pemberton,11272,3207
Pena,130776,227
Pence,12101,2965
Pendergrass,8123,4378
Pendleton,16751,2168
Peng,10575,3374
Penn,19409,1849
Pennington,40854,846
Penny,10249,3485
Peoples,18672,1935
Pepper,11374,3178
Perales,14593,2467
Peralta,36585,949
Perdomo,10058,3548
Perdue,16464,2211
Perea,11546,3124
Pereira,29898,1175
Perez,681645,22
Perkins,131440,223
Perrin,11550,3121
Perry,221741,103
Perryman,9443,3748
Persaud,11956,3000
Person,67411,496
Peter,9191,3859
Peterman,8690,4087
Peters,137513,205
Petersen,58480,571
Peterson,278297,71
Petrie,8520,4159
Pettigrew,7958,4458
Pettis,7354,4807
Pettit,19004,1892
Petty,34882,1005
Peyton,10276,3477
Pfeifer,10109,3533
Pfeiffer,13851,2601
Pham,84320,370
Phan,37836,918
Phelan,10562,3382
Phelps,52044,657
Phillips,360802,52
Phipps,23610,1519
Phung,7155,4915
Piatt,7463,4746
Piazza,8372,4232
Picard,7898,4491
Pichardo,10572,3375
Pickard,9053,3928
Pickens,16577,2195
Pickering,13582,2653
Pickett,31611,1108
Pierce,138629,202
Pierre,33913,1026
Pierson,27983,1254
Pike,26655,1318
Pimentel,21579,1671
Pina,25293,1403
Pineda,60820,553
Pinkerton,8446,4195
Pinkston,8291,4292
Pino,10993,3288
Pinson,7362,4800
Pinto,21366,1687
Piper,22329,1607
Pippin,7326,4818
Pitman,7789,4549
Pitt,9151,3873
Pittman,55021,619
Pitts,49740,693
Pizarro,7446,4755
Place,7251,4862
Plante,7744,4583
Plascencia,8710,4079
Platt,18022,2006
Pleasant,7378,4791
Plummer,25596,1382
Plunkett,10758,3335
Poe,23563,1522
Pogue,7493,4734
Poindexter,11531,3129
Pointer,7453,4752
Poirier,9453,3747
Polanco,19688,1820
Poland,7746,4581
Poling,7779,4558
Polk,27094,1296
Pollack,8977,3959
Pollard,35749,974
Pollock,23310,1543
Pomeroy,7377,4792
Ponce,49549,695
Pond,9052,3930
Ponder,11764,3044
Pool,13505,2669
Poole,56226,604
Poore,8240,4315
Pope,63881,528
Popp,8947,3973
Porras,12106,2962
Porter,163054,159
Portillo,37890,914
Posada,7454,4751
Posey,20263,1773
Post,23458,1530
Poston,10396,3434
Potter,72175,457
Potts,38277,902
Powell,224874,101
Power,14890,2435
Powers,91970,336
Prado,23436,1533
Prasad,8638,4107
Prater,19484,1839
Prather,15860,2298
Pratt,61671,541
Preciado,12455,2883
Prentice,7874,4505
Prescott,16975,2134
Presley,18384,1968
Pressley,13281,2713
Preston,47367,736
Prewitt,8371,4234
Price,235251,91
Pride,7172,4908
Priest,14915,2430
Prieto,19520,1833
Prince,47168,743
Pringle,13115,2750
Pritchard,23549,1523
Pritchett,19334,1856
Proctor,35636,977
Proffitt,9202,3847
Prosser,8244,4312
Provost,8742,4062
Pruett,13618,2644
Pruitt,44365,777
Pryor,27805,1263
Puckett,27627,1273
Puente,14966,2420
Puentes,7528,4711
Puga,7056,4977
Pugh,39559,879
Pulido,18942,1894
Pullen,10565,3381
Pulley,8007,4435
Pulliam,11613,3099
Purcell,22383,1599
Purdy,15126,2396
Purnell,8441,4197
Purvis,16686,2177
Putman,9058,3924
Putnam,18340,1971
Pyle,15180,2389
Pyles,7677,4622
Quach,9894,3598
Qualls,11958,2999
Quarles,9780,3631
Queen,18557,1945
Quesada,7870,4509
Quevedo,8064,4404
Quezada,25752,1372
Quick,25091,1416
Quigley,17121,2113
Quinlan,10302,3469
Quinn,76986,422
Quinones,34468,1014
Quinonez,11576,3111
Quintana,37657,923
Quintanilla,22581,1586
Quintero,41158,839
Quiroz,27452,1280
Raber,7261,4854
Rader,16320,2233
Radford,12956,2785
Rafferty,9311,3802
Ragan,11081,3258
Ragland,12816,2815
Ragsdale,12227,2932
Rahman,18097,1994
Raines,21518,1676
Rainey,23291,1545
Rains,11737,3055
Rainwater,7111,4949
Ralph,8153,4358
Ralston,12302,2914
Rambo,7154,4916
Ramey,22287,1616
Ramirez,557423,28
Ramon,11582,3108
Ramos,263464,76
Ramsay,8120,4380
Ramsey,78350,412
Rana,7145,4923
Rand,10397,3433
Randall,54764,621
Randazzo,7190,4900
Randle,14437,2508
Randolph,41129,840
Raney,8801,4038
Rangel,57549,578
Rankin,28821,1229
Ransom,16871,2150
Rao,11672,3075
Rapp,14107,2562
Rash,7769,4565
Rasmussen,36636,947
Ratcliff,10497,3409
Ratliff,30083,1168
Rau,8961,3968
Rauch,8972,3962
Rausch,8398,4224
Rawlings,9652,3684
Rawls,11679,3074
Ray,133171,220
Raya,7198,4894
Rayburn,8532,4152
Raymond,40275,857
Raynor,7770,4563
Razo,12125,2960
Rea,14819,2443
Read,17048,2127
Reagan,16491,2207
Reardon,14435,2509
Reaves,15550,2344
Rector,13559,2661
Redd,13119,2749
Redden,9067,3919
Reddick,9785,3628
Redding,15767,2317
Reddy,12614,2858
Redman,13028,2770
Redmon,8197,4333
Redmond,21834,1647
Reece,24145,1479
Reed,277030,73
Reeder,19155,1874
Reedy,11884,3017
Rees,12754,2828
Reese,73919,445
Reeves,81978,390
Regalado,12931,2791
Regan,21951,1642
Register,9075,3914
Reich,12891,2796
Reichert,10345,3453
Reid,111360,275
Reilly,40884,845
Reimer,9055,3927
Reinhardt,12057,2973
Reinhart,9237,3833
Reis,12165,2953
Reiss,7334,4815
Reiter,10802,3319
Reitz,7604,4663
Rendon,20143,1778
Renfro,9806,3623
Renner,13889,2594
Reno,9322,3794
Renteria,27976,1256
Resendez,9390,3771
Resendiz,14457,2500
Restrepo,7441,4759
Reuter,7643,4644
Rey,8074,4403
Reyes,327904,60
Reyna,35291,987
Reynolds,200247,121
Reynoso,23143,1554
Rhea,8219,4323
Rhoades,18508,1949
Rhoads,13389,2690
Rhodes,90670,343
Ricci,11534,3127
Rice,149500,184
Rich,49481,696
Richard,53893,629
Richards,130529,228
Richardson,259798,80
Richey,18296,1977
Richmond,37053,934
Richter,29880,1178
Rickard,9128,3886
Ricker,8850,4016
Ricketts,12862,2801
Ricks,18506,1950
Rico,25954,1359
Riddick,8464,4187
Riddle,33507,1036
Ridenour,8130,4373
Rider,16352,2227
Ridge,7133,4936
Ridgeway,8975,3960
Ridley,11521,3133
Ries,7258,4857
Riggins,12218,2934
Riggs,34506,1011
Rigsby,7124,4941
Riley,133872,217
Rinaldi,7756,4573
Rincon,16455,2215
Rinehart,13392,2688
Ring,16381,2226
Riordan,7848,4515
Rios,127794,237
Ripley,9314,3799
Ritchey,8844,4019
Ritchie,29040,1217
Ritter,33252,1053
Rivas,76205,426
Rivera,391114,46
Rivero,11096,3254
Rivers,38662,897
Rizzo,18605,1943
Roach,45019,764
Roark,14509,2489
Robb,13402,2686
Robbins,78381,410
Roberson,56180,605
Robert,12181,2944
Roberts,376774,50
Robertson,153666,175
Robinette,8784,4045
Robins,10797,3322
Robinson,529821,30
Robison,25450,1392
Robledo,16001,2277
Robles,82458,386
Robson,8137,4368
Roby,9315,3798
Rocha,55251,613
Roche,18940,1895
Rock,19313,1859
Rockwell,12360,2902
Rodarte,8860,4008
Rodas,11327,3193
Roddy,7127,4939
Roderick,7039,4987
Rodgers,76095,428
Rodrigues,31280,1122
Rodriguez,1094924,9
Rodriquez,22892,1572
Roe,25286,1406
Rogers,302261,66
Rohrer,7750,4580
Rojas,108421,285
Rojo,10275,3479
Roland,19311,1860
Roldan,13498,2671
Roller,7894,4492
Rollins,35132,992
Roman,72918,452
Romano,29018,1219
Romeo,8636,4108
Romero,208614,115
Romine,7704,4604
Romo,26283,1343
Rooney,16823,2156
Root,20284,1770
Roper,20065,1787
Roque,15203,2388
Rosa,33521,1035
Rosado,26998,1301
Rosales,75185,431
Rosario,48051,725
Rosas,44938,765
Rose,153397,177
Rosen,22596,1585
Rosenbaum,9333,3791
Rosenberg,26307,1339
Rosenberger,7228,4874
Rosenthal,16583,2194
Ross,229368,98
Rosser,8043,4417
Rossi,26183,1348
Roth,58278,574
Rouse,26519,1330
Roush,11386,3173
Rousseau,8270,4297
Rowan,13993,2581
Rowe,69879,478
Rowell,15952,2285
Rowland,35121,993
Rowley,15588,2338
Roy,53159,640
Royal,15755,2319
Royer,11279,3203
Royster,8056,4409
Rubin,23165,1553
Rubio,50788,673
Ruby,9091,3904
Rucker,26581,1326
Rudd,14732,2451
Rudolph,19854,1808
Rudy,7069,4969
Rueda,9253,3829
Ruelas,11505,3140
Ruff,15383,2369
Ruffin,16324,2231
Ruggiero,9263,3825
Ruiz,238234,89
Runyon,9153,3872
Rupert,7936,4474
Rupp,11399,3167
Rush,39802,869
Rushing,19604,1827
Russ,16300,2237
Russell,221558,104
Russo,48696,715
Rust,12086,2967
Ruth,15012,2414
Rutherford,28079,1250
Rutledge,26887,1306
Rutter,7205,4890
Ruvalcaba,11220,3217
Ryan,143452,193
Ryder,14228,2544
Saavedra,18834,1910
Sabo,8899,3992
Sachs,7248,4866
Sadler,21504,1678
Saenz,33787,1029
Sage,11207,3222
Sager,10541,3390
Salas,65468,513
Salazar,152703,179
Salcedo,18387,1967
Salcido,10776,3331
Saldana,34434,1015
Saldivar,17250,2097
Saleh,9656,3682
Salem,8404,4215
Salerno,9440,3751
Sales,10439,3418
Salgado,45469,759
Salinas,81156,393
Salisbury,13038,2768
Salmeron,7191,4899
Salmon,14511,2486
Salter,14641,2462
Salvador,13021,2772
Sam,12053,2974
Samaniego,8281,4295
Sammons,8161,4352
Sample,11471,3150
Samples,8663,4099
Sampson,39277,886
Sams,16014,2275
Samson,11123,3246
Samuel,23125,1558
Samuels,22207,1621
Samuelson,7824,4532
Sanabria,9026,3945
Sanborn,10025,3558
Sanches,7883,4500
Sanchez,612752,26
Sandberg,8416,4210
Sander,9090,3906
Sanders,230374,94
Sanderson,24384,1462
Sandhu,7190,4900
Sandlin,8421,4206
Sandoval,128948,233
Sands,18584,1944
Sanford,36312,957
Santacruz,8264,4300
Santamaria,12375,2897
Santana,60667,556
Santiago,122212,248
Santillan,13081,2756
Santoro,8713,4076
Santos,137232,206
Santoyo,8692,4086
Sapp,20448,1752
Sarabia,8695,4082
Sargent,27786,1265
Sarmiento,13710,2631
Sasser,7272,4845
Sato,7095,4956
Satterfield,14023,2577
Sauceda,11093,3255
Saucedo,30374,1157
Sauer,15430,2364
Saul,7047,4981
Saunders,69943,476
Savage,49914,690
Savoy,7649,4638
Sawyer,49028,707
Saxon,7576,4685
Saxton,9509,3726
Sayers,7705,4603
Saylor,16010,2276
Sayre,7973,4449
Scales,13190,2732
Scanlon,11610,3101
Scarborough,12252,2925
Scarbrough,8327,4256
Schaefer,41063,841
Schaeffer,16024,2272
Schafer,24543,1452
Schaffer,20614,1738
Schell,13016,2773
Schenk,7651,4637
Scherer,13421,2682
Schiller,9132,3884
Schilling,16546,2200
Schindler,9801,3624
Schlegel,7461,4747
Schlosser,7203,4892
Schmid,11400,3165
Schmidt,147034,185
Schmitt,36043,967
Schmitz,23931,1496
Schneider,101290,312
Schoen,8140,4365
Schofield,12790,2822
Scholl,9351,3787
Schoonover,7756,4573
Schott,9842,3607
Schrader,16727,2171
Schramm,7543,4705
Schreiber,16034,2269
Schreiner,8152,4359
Schrock,10549,3386
Schroeder,67977,489
Schubert,12629,2856
Schuler,14745,2448
Schulte,16658,2183
Schultz,104888,297
Schulz,24385,1461
Schulze,8509,4164
Schumacher,25292,1404
Schuster,17325,2088
Schwab,16870,2152
Schwartz,90071,345
Schwarz,15884,2295
Schweitzer,10068,3544
Scoggins,8302,4282
Scott,439530,36
Scroggins,9495,3732
Scruggs,15808,2310
Scully,8747,4060
Seal,9316,3797
Seals,15858,2299
Seaman,13237,2719
Searcy,10243,3490
Sears,32206,1085
Seaton,9423,3759
Seay,14046,2573
Sebastian,13934,2586
See,9081,3911
Seeley,11061,3264
Segal,7972,4451
Segovia,13182,2733
Segura,30880,1136
Seibert,10826,3312
Seidel,8430,4204
Seifert,10499,3408
Seiler,8170,4344
Seitz,12630,2855
Selby,11908,3008
Self,23595,1520
Sell,11014,3280
Sellers,42577,814
Sells,8633,4110
Sena,7597,4669
Seo,7033,4998
Sepulveda,19851,1810
Serna,25503,1390
Serrano,75996,429
Serrato,10449,3415
Servin,7842,4519
Sessions,7593,4671
Settle,8202,4329
Severson,10391,3436
Sevilla,8980,3958
Seward,10399,3430
Sewell,22294,1614
Sexton,43133,804
Seymour,25436,1394
Shackelford,11525,3130
Shade,7148,4919
Shafer,25641,1379
Shaffer,59943,560
Shah,58287,573
Shanahan,8616,4119
Shane,7372,4796
Shank,13343,2700
Shanks,11822,3031
Shannon,46147,752
Shapiro,24335,1469
Sharkey,8514,4163
Sharma,28559,1236
Sharp,78990,405
Sharpe,28879,1226
Shaver,16972,2135
Shaw,160400,164
Shay,9212,3843
Shea,33329,1048
Shearer,17707,2033
Sheehan,26902,1305
Sheets,21384,1685
Sheffield,19738,1817
Shelby,12303,2912
Sheldon,19339,1855
Shell,13369,2696
Shelley,14300,2533
Shelton,90517,344
Shen,12839,2806
Shepard,39430,882
Shepherd,60479,557
Sheppard,36960,938
Sheridan,22177,1623
Sherman,70502,469
Sherrill,13631,2640
Sherrod,8420,4207
Sherry,7271,4846
Sherwood,21384,1685
Shi,10055,3551
Shields,50832,672
Shifflett,8544,4147
Shin,21735,1656
Shinn,8038,4424
Shipley,19563,1831
Shipman,15581,2339
Shipp,11217,3219
Shirk,7448,4754
Shirley,27224,1292
Shockley,12504,2877
Shoemaker,30934,1133
Shook,16070,2262
Shore,10130,3523
Shores,7691,4613
Short,57477,581
Shorter,8675,4092
Showalter,8786,4044
Shuler,11315,3195
Shull,9565,3710
Shultz,17395,2080
Shumaker,8508,4165
Shuman,9043,3937
Shumate,8311,4276
Sibley,9467,3742
Siddiqui,8502,4169
Sides,8194,4334
Siegel,21536,1674
Sierra,35770,973
Sifuentes,10954,3293
Sigler,8992,3956
Sikes,10280,3475
Siler,8327,4256
Silva,161633,163
Silver,22052,1632
Silverman,14636,2463
Silvers,7602,4664
Simmons,210182,114
Simms,26287,1340
Simon,80460,397
Simone,7221,4878
Simons,25755,1371
Simonson,8968,3965
Simpkins,11585,3107
Simpson,163181,158
Sims,113374,270
Sinclair,27243,1290
Singer,25828,1366
Singh,116749,260
Singletary,13749,2622
Singleton,54621,622
Sipes,7034,4995
Sisco,7993,4440
Sisk,12365,2901
Sisson,11380,3177
Sizemore,20116,1783
Skaggs,17778,2028
Skelton,15624,2330
Skidmore,10841,3310
Skinner,54046,627
Skipper,10338,3457
Slack,13377,2692
Slade,12599,2861
Slagle,8573,4135
Slater,32584,1075
Slattery,8695,4082
Slaughter,27155,1295
Slayton,7069,4969
Sledge,8019,4433
Sloan,43261,800
Slocum,9102,3899
Slone,12142,2956
Smail,9097,3900
Small,40212,861
Smalley,11737,3055
Smalls,12435,2888
Smallwood,18717,1926
Smart,25528,1388
Smiley,19829,1812
Smith,2442977,1
Smoot,9168,3868
Smothers,7444,4756
Smyth,9470,3741
Snead,10500,3407
Sneed,17804,2027
Snell,22177,1623
Snider,32148,1088
Snipes,8428,4205
Snodgrass,12806,2818
Snook,7141,4926
Snow,47528,734
Snowden,11171,3233
Snyder,160262,165
So,7456,4749
Soares,11694,3069
Solano,24881,1430
Solis,82146,388
Soliz,9159,3871
Solomon,46534,745
Solorio,13537,2663
Solorzano,15045,2412
Somers,10762,3333
Sommer,11662,3080
Sommers,11706,3063
Son,10094,3541
Song,25110,1415
Sorensen,28069,1251
Sorenson,15962,2284
Soria,14477,2495
Soriano,25916,1361
Sorrell,8641,4104
Sosa,52457,650
Sotelo,21455,1679
Soto,144451,191
Sousa,15377,2370
South,11178,3231
Southard,8808,4035
Southerland,8336,4252
Southern,7738,4587
Souza,22373,1601
Sowell,9612,3696
Sowers,10198,3504
Spain,11628,3093
Spalding,8601,4125
Spangler,18622,1940
Spann,12457,2882
Sparkman,7607,4661
Sparks,63440,533
Sparrow,7614,4657
Spaulding,18902,1899
Spear,13284,2712
Spearman,8199,4330
Spears,41665,830
Speed,7255,4859
Speer,11770,3041
Spellman,7627,4650
Spence,36129,964
Spencer,139951,199
Sperry,7760,4569
Spicer,18501,1951
Spires,7592,4672
Spivey,21161,1702
Spooner,7359,4802
Spradlin,7356,4806
Sprague,22610,1584
Spriggs,7143,4925
Spring,8757,4053
Springer,31643,1107
Sprouse,8229,4319
Spruill,7683,4616
Spurgeon,7047,4981
Spurlock,12141,2957
Squires,14045,2574
Stacey,9520,3720
Stack,11967,2996
Stacy,19010,1891
Stafford,46394,747
Staggs,9514,3724
Stahl,22211,1619
Staley,18080,1998
Stallings,17269,2093
Stallworth,8155,4357
Stamper,13528,2666
Stamps,7307,4828
Stanfield,11229,3215
Stanford,21295,1692
Stanley,96867,321
Stanton,35997,968
Staples,17217,2104
Stapleton,18332,1973
Stark,41735,827
Starkey,15004,2415
Starks,20130,1782
Starling,10004,3567
Starnes,14442,2507
Starr,30363,1158
Staten,8021,4430
Staton,14413,2514
Stauffer,15821,2307
Stclair,14590,2469
Steadman,7642,4645
Stearns,14554,2479
Steed,10250,3484
Steel,7111,4949
Steele,88230,355
Steen,12989,2776
Steffen,11494,3144
Stegall,7439,4761
Stein,43389,796
Steinberg,12709,2841
Steiner,23735,1511
Steinmetz,8032,4426
Stephan,7840,4522
Stephen,9925,3585
Stephens,144646,190
Stephenson,47641,733
Stepp,10571,3376
Sterling,25894,1362
Stern,25074,1418
Stevens,185674,135
Stevenson,75169,432
Steward,22318,1610
Stewart,324957,61
Stidham,7579,4684
Stiles,21357,1689
Still,12354,2904
Stillwell,7211,4883
Stine,9979,3573
Stinnett,8142,4363
Stinson,26681,1317
Stjohn,15843,2303
Stock,12722,2832
Stockton,13306,2709
Stoddard,14317,2531
Stokes,61639,542
Stoll,12032,2979
Stoltzfus,15786,2311
Stone,153329,178
Stoner,16204,2246
Storey,13669,2635
Storm,9895,3596
Story,19218,1867
Stout,43305,798
Stovall,16827,2155
Stover,24526,1455
Stowe,10668,3355
Stpierre,9638,3685
Strain,8883,3999
Strand,11051,3265
Strange,14948,2425
Stratton,22983,1565
Straub,9624,3691
Strauss,13840,2604
Street,19866,1805
Streeter,11988,2987
Strickland,67769,494
Stringer,17300,2091
Strom,9142,3877
Strong,45432,760
Strother,7170,4910
Stroud,24211,1477
Stroup,7627,4650
Strunk,8129,4374
Stuart,36540,951
Stubblefield,8878,4002
Stubbs,20134,1781
Stuckey,11846,3026
Stull,9324,3792
Stump,14257,2539
Sturdivant,7223,4876
Sturgeon,9007,3950
Sturgill,8444,4196
Sturm,9242,3832
Stutzman,9185,3862
Su,12973,2779
Suarez,66013,510
Suggs,13585,2652
Suh,7089,4961
Sullivan,220990,105
Summers,56953,591
Sumner,18838,1909
Sumpter,7950,4467
Sun,24058,1484
Sung,7360,4801
Sutherland,29585,1195
Sutter,9760,3640
Sutton,90964,341
Swafford,9369,3777
Swain,25157,1412
Swan,23001,1564
Swank,7832,4526
Swann,12293,2916
Swanson,76897,424
Swartz,25444,1393
Swearingen,7872,4506
Sweat,9194,3856
Sweeney,52410,651
Sweet,30051,1169
Swenson,23009,1563
Swift,24249,1473
Swisher,9431,3754
Switzer,11114,3248
Swope,8415,4211
Syed,9722,3657
Sykes,27546,1276
Sylvester,18896,1901
Szabo,7678,4619
Szymanski,8748,4059
Ta,8017,4434
Taber,7788,4550
Tabor,15445,2360
Tackett,19737,1818
Tafoya,10114,3532
Taft,9048,3933
Taggart,9808,3622
Talavera,7777,4559
Talbert,12181,2944
Talbot,15562,2342
Talbott,7386,4787
Talley,30014,1170
Tallman,8174,4341
Tam,13327,2703
Tamayo,16474,2210
Tamez,7894,4492
Tan,32120,1090
Tanaka,7994,4439
Tang,34961,999
Tanner,48813,709
Tapia,52651,647
Tarver,9341,3788
Tate,71058,467
Tatum,24558,1451
Tavares,12766,2825
Tavarez,10201,3503
Taveras,9580,3706
Taylor,751209,17
Teague,24514,1456
Teal,8937,3976
Teel,7814,4539
Teixeira,8895,3994
Tejada,14903,2432
Tejeda,14240,2541
Tellez,22494,1595
Tello,11512,3136
Temple,22549,1590
Templeton,13396,2687
Tennant,8693,4085
Tenney,7238,4868
Tenorio,8629,4111
Teran,8557,4139
Terrazas,10569,3378
Terrell,35408,983
Terry,87000,361
Testa,8694,4084
Thacker,21512,1677
Thai,11644,3089
Thames,7619,4654
Thao,23404,1536
Tharp,13757,2619
Thatcher,9752,3644
Thayer,16625,2186
Thibodeau,7904,4487
Thibodeaux,13850,2602
Thiel,9880,3601
Thigpen,9359,3784
Thomas,756142,16
Thomason,20478,1751
Thompson,664644,23
Thomsen,7654,4635
Thomson,24750,1440
Thorn,9988,3569
Thornburg,7309,4827
Thorne,18738,1922
Thornhill,7327,4817
Thornton,83967,373
Thorpe,21813,1651
Thrasher,12836,2807
Thurman,23950,1492
Thurston,15234,2385
Tibbs,7294,4835
Tice,10118,3529
Tidwell,21176,1699
Tierney,13608,2646
Tijerina,8626,4114
Tiller,7954,4463
Tillery,8156,4355
Tilley,15758,2318
Tillman,30825,1139
Tilton,8124,4376
Timm,9433,3753
Timmerman,7569,4688
Timmons,20671,1734
Tinoco,9707,3670
Tinsley,15442,2361
Tipton,25064,1420
Tirado,13410,2685
Tisdale,10293,3473
Titus,15780,2314
To,8934,3979
Tobar,7056,4977
Tobias,14482,2494
Tobin,18932,1896
Todd,71759,460
Tolbert,24375,1464
Toledo,19474,1841
Tolentino,11371,3180
Toler,9427,3757
Toliver,7536,4708
Tolliver,12128,2958
Tom,10350,3452
Tomas,7673,4623
Tomlin,11797,3036
Tomlinson,25274,1407
Tompkins,24056,1485
Toney,18787,1919
Tong,13196,2730
Toomey,7510,4722
Toro,10650,3358
Torres,437813,37
Torrez,16795,2160
Toscano,9301,3807
Toth,19606,1826
Toussaint,7441,4759
Tovar,32760,1070
Towns,7760,4569
Townsend,69360,483
Tracey,8152,4359
Tracy,29867,1180
Trahan,14114,2560
Trammell,12582,2867
Tran,188498,132
Trapp,9294,3813
Travers,7833,4525
Travis,34985,998
Traylor,13341,2701
Treadway,7792,4544
Trejo,41021,843
Tremblay,7996,4438
Trent,19630,1824
Trevino,59882,562
Trice,8546,4145
Trimble,16306,2235
Trinh,15392,2368
Trinidad,13474,2677
Triplett,18408,1965
Tripp,20434,1753
Trotter,19927,1801
Trout,12758,2826
Troutman,11519,3135
Trowbridge,7095,4956
Troy,8109,4383
Troyer,16981,2132
True,8261,4303
Truitt,9557,3712
Trujillo,73664,448
Truong,38267,903
Tsai,10968,3291
Tu,9230,3835
Tubbs,12828,2810
Tuck,10018,3560
Tucker,167446,153
Tully,9081,3911
Turcios,7073,4968
Turk,10354,3450
Turley,10524,3398
Turnbull,8320,4267
Turner,348627,54
Turpin,11937,3005
Tuttle,27751,1267
Tyler,66056,509
Tyree,9613,3695
Tyson,28947,1221
Ulloa,13133,2743
Ulmer,8165,4348
Ulrich,16668,2180
Underwood,57064,588
Unger,14738,2449
Unruh,7835,4524
Upchurch,9922,3587
Upshaw,7401,4778
Upton,13769,2616
Urban,20058,1790
Urbina,15055,2409
Urena,11066,3261
Urias,7941,4471
Uribe,24612,1448
Urrutia,7208,4888
Usher,7477,4742
Utley,7385,4788
Vaca,7982,4444
Vail,10554,3385
Valadez,21859,1645
Valdes,20527,1745
Valdez,124995,244
Valdivia,15895,2293
Valdovinos,10147,3517
Valencia,70000,475
Valente,7580,4683
Valenti,8174,4341
Valentin,19211,1868
Valentine,40395,856
Valenzuela,57383,584
Valerio,13482,2675
Valladares,11901,3012
Valle,31716,1104
Vallejo,19117,1881
Valles,13777,2614
Valverde,8737,4065
Van,10798,3320
Vance,47324,737
Vandenberg,7121,4944
Vandyke,17030,2131
Vanegas,7444,4756
Vang,48036,726
Vanhorn,14151,2554
Vanmeter,8305,4281
Vann,15416,2366
Vanwinkle,7811,4541
Varela,26621,1321
Vargas,173835,148
Vargo,7787,4553
Varner,18081,1997
Varney,8502,4169
Vasquez,212781,113
Vaughan,38830,893
Vaughn,88060,356
Vaught,9476,3738
Vazquez,138322,203
Veal,7842,4519
Vega,116673,261
Vela,25414,1396
Velarde,8135,4371
Velasco,33078,1061
Velasquez,80364,398
Velazquez,63736,530
Velez,53265,638
Venable,10333,3458
Venegas,20851,1722
Ventura,39580,877
Vera,33674,1031
Verdugo,7210,4885
Vergara,15618,2332
Vernon,17480,2070
Vest,11405,3164
Vetter,8550,4142
Vicente,10789,3326
Vick,14421,2511
Vickers,22176,1625
Vickery,8874,4005
Victor,11234,3214
Vidal,18677,1933
Vieira,10420,3425
Viera,11861,3024
Vigil,29382,1205
Villa,52817,644
Villagomez,11282,3201
Villalobos,37754,919
Villalpando,7821,4534
Villanueva,61883,539
Villareal,9614,3693
Villarreal,61355,547
Villasenor,14180,2548
Villatoro,10535,3394
Villegas,48599,716
Vincent,53095,641
Vines,10061,3547
Vinson,25341,1401
Vitale,13220,2725
Vo,36236,960
Vogel,30470,1153
Vogt,18061,2002
Voigt,7251,4862
Volk,9126,3888
Volpe,7847,4517
Voss,20911,1719
Vu,36179,962
Vue,11717,3061
Vuong,9407,3766
Waddell,21301,1691
Wade,97040,319
Wadsworth,9912,3588
Waggoner,14983,2417
Wagner,155795,173
Wagoner,15118,2401
Wahl,13253,2716
Wainwright,7114,4948
Waite,18664,1936
Waiters,19853,1809
Wakefield,14587,2472
Walden,24821,1435
Waldron,17501,2063
Waldrop,10503,3405
Walker,523129,31
Wall,53794,631
Wallace,197276,123
Wallen,7436,4763
Waller,36805,942
Wallin,7034,4995
Walling,7275,4842
Wallis,11594,3104
Walls,41025,842
Walsh,105079,295
Walter,48024,727
Walters,89376,350
Walton,73854,446
Walz,7220,4879
Wang,109883,282
Ward,260464,79
Warden,11135,3244
Ware,49316,700
Warfield,7443,4758
Warner,83781,375
Warren,152147,181
Washburn,20030,1793
Washington,177386,145
Wasson,8471,4182
Waterman,12177,2947
Waters,67929,491
Watkins,127083,240
Watson,252579,81
Watt,15211,2387
Watters,11569,3113
Watts,89649,348
Waugh,11387,3171
Way,14157,2552
Wayne,10215,3498
Weatherford,8850,4016
Weathers,14073,2568
Weaver,143837,192
Webb,168878,152
Webber,26405,1335
Weber,109433,283
Webster,72625,453
Weed,7987,4442
Weeks,41565,831
Weems,10231,3494
Wegner,8192,4336
Wei,9578,3707
Weidner,8400,4220
Weiler,10160,3515
Weimer,8050,4410
Weinberg,9825,3612
Weiner,14208,2546
Weinstein,13563,2659
Weir,18881,1903
Weis,9750,3645
Weiss,57112,587
Welborn,7095,4956
Welch,108987,284
Weldon,14538,2481
Welker,8566,4138
Weller,13774,2615
Wellman,11260,3208
Wells,176230,147
Welsh,30153,1166
Wendt,12712,2838
Wenger,10596,3369
Wentworth,8023,4428
Wentz,8376,4231
Wenzel,11432,3159
Werner,34488,1013
Wertz,8198,4331
Wesley,23135,1555
West,195818,125
Westbrook,20284,1770
Westfall,13079,2758
Westmoreland,10399,3430
Weston,25637,1380
Westphal,7101,4953
Wetzel,15849,2300
Whalen,24262,1470
Whaley,22833,1575
Wharton,11656,3084
Whatley,11579,3109
Wheat,10979,3290
Wheatley,12520,2875
Wheaton,9202,3847
Wheeler,125058,243
Whelan,11363,3181
Whipple,13850,2602
Whitaker,56616,596
Whitcomb,8324,4263
White,660491,24
Whited,7482,4739
Whitehead,44373,776
Whitehurst,7412,4774
Whiteman,7642,4645
Whiteside,11334,3191
Whitfield,29962,1171
Whiting,16418,2221
Whitley,26732,1313
Whitlock,16927,2142
Whitlow,8020,4432
Whitman,19399,1851
Whitmire,7179,4906
Whitmore,15296,2380
Whitney,35118,994
Whitson,9273,3820
Whitt,17293,2092
Whittaker,17234,2100
Whitten,14054,2571
Whittington,17517,2059
Whittle,7307,4828
Whitworth,9748,3647
Whyte,7701,4609
Wick,8333,4253
Wicker,10321,3462
Wickham,7335,4814
Wicks,9489,3735
Wiese,9287,3817
Wiggins,50247,685
Wilbanks,8107,4384
Wilbur,9527,3719
Wilburn,14928,2428
Wilcox,56286,602
Wild,8217,4324
Wilde,10766,3332
Wilder,31018,1131
Wiles,13105,2754
Wiley,48720,713
Wilhelm,19913,1802
Wilhite,8325,4261
Wilke,8106,4386
Wilkerson,48444,719
Wilkes,18314,1975
Wilkie,7116,4947
Wilkins,58634,570
Wilkinson,53739,634
Wilks,8972,3962
Will,12575,2869
Willard,21352,1690
Willett,13065,2761
Willey,13067,2759
William,13373,2694
Williams,1625252,3
Williamson,114959,267
Williford,8352,4248
Willingham,12818,2814
Willis,130152,230
Willoughby,16111,2257
Wills,28219,1244
Willson,9659,3679
Wilson,801882,14
Wilt,8165,4348
Wimberly,8729,4070
Winchester,10480,3413
Windham,10390,3437
Windsor,7621,4652
Winfield,8230,4318
Wing,12614,2858
Wingate,8359,4242
Winkler,21993,1640
Winn,22316,1611
Winslow,14056,2570
Winstead,8756,4054
Winston,21667,1662
Winter,31310,1119
Winters,44914,766
Wirth,9907,3592
Wise,68649,485
Wiseman,19439,1845
Wisniewski,12675,2846
Withers,11381,3176
Witherspoon,13171,2736
Withrow,8262,4302
Witt,31575,1110
Witte,9816,3617
Wofford,8856,4011
Wojcik,7710,4601
Wolf,70031,474
Wolfe,83928,374
Wolff,21815,1650
Wolford,10789,3326
Womack,28201,1245
Wong,111371,274
Woo,13003,2775
Wood,250715,84
Woodall,16260,2243
Woodard,46240,750
Woodbury,7144,4924
Wooden,7547,4702
Woodruff,26286,1341
Woods,177425,144
Woodson,17242,2098
Woodward,36764,944
Woodworth,9361,3782
Woody,18434,1960
Wooldridge,7788,4550
Wooten,31249,1123
Worden,9139,3880
Workman,31856,1097
Worley,25758,1370
Worrell,10821,3313
Worth,7713,4598
Worthington,14452,2503
Worthy,8795,4040
Wozniak,8526,4156
Wray,15405,2367
Wren,11211,3220
Wright,458980,35
Wu,71721,461
Wyatt,52211,653
Wylie,11975,2993
Wyman,11051,3265
Wynn,29417,1203
Wynne,9637,3686
Xie,9716,3662
Xiong,37499,929
Xu,25622,1381
Yager,7427,4766
Yamamoto,7547,4702
Yan,11354,3182
Yancey,13566,2656
Yanez,25563,1385
Yang,106033,290
Yao,7192,4898
Yarbrough,24749,1441
Yates,63254,535
Yazzie,14949,2424
Ybarra,22211,1619
Ye,9839,3609
Yeager,22634,1582
Yee,20591,1740
Yeung,7782,4556
Yi,17934,2011
Yoder,56410,598
Yoo,13225,2724
Yoon,15936,2287
York,53059,642
Yost,19210,1869
Young,484447,32
Youngblood,18197,1982
Younger,10658,3357
Yount,7817,4538
Yu,52035,658
Yuan,8588,4129
Yuen,7688,4614
Yun,8933,3981
Zamarripa,7322,4820
Zambrano,17092,2117
Zamora,61729,540
Zamudio,11384,3174
Zapata,32274,1082
Zaragoza,18908,1897
Zarate,20992,1713
Zavala,51153,667
Zayas,8045,4414
Zeigler,13135,2742
Zelaya,12448,2886
Zeller,10595,3370
Zeng,7605,4662
Zepeda,29252,1209
Zhang,70125,472
Zhao,22301,1613
Zheng,25242,1409
Zhou,23437,1532
Zhu,21265,1694
Ziegler,25351,1400
Zielinski,11087,3256
Zimmer,17146,2111
Zimmerman,83265,379
Zimmermann,7123,4942
Zink,9134,3882
Zook,9824,3613
Zuniga,56347,600
